Datasheet,Image,DK Part #,Mfr Part #,Mfr,Supplier,Description,Stock,Price,@ qty,Min Qty,Package,Series,"Part Status","Capacitance @ Vr, F","Capacitance Ratio","Capacitance Ratio Condition","Voltage - Peak Reverse (Max)","Diode Type","Q @ Vr, F","Operating Temperature","Mounting Type","Package / Case","Supplier Device Package"
"https://www.infineon.com/dgdl/bb639_bb659series.pdf?folderId=db3a304313d846880113d98def1d0130&fileId=db3a304313d846880113d9bc2d2e015e","//media.digikey.com/Renders/Infineon%20Renders/SC-76,%20SOD-323,%20UMD2.jpg","BB639E7904HTSA1TR-ND,BB639E7904HTSA1CT-ND,BB639E7904HTSA1DKR-ND","BB639E7904HTSA1","Infineon Technologies","Infineon Technologies","DIODE VAR CAP 30V 20MA SOD-323","173,085","0.62","0","1","Tape & Reel (TR),Cut Tape (CT),Digi-Reel®","-","Not For New Designs","2.9pF @ 28V, 1MHz","14.7","C1/C28","30 V","Single","-","-55°C ~ 150°C (TJ)","Surface Mount","SC-76, SOD-323","PG-SOD323-2"
"https://www.infineon.com/dgdl/bby65series.pdf?folderId=db3a304313d846880113ddc160d402c0&fileId=db3a304313d846880113deb0006e03f6","//media.digikey.com/Renders/Infineon%20Renders/SC-79,%20SOD-523.jpg","BBY6502VH6327XTSA1TR-ND,BBY6502VH6327XTSA1CT-ND,BBY6502VH6327XTSA1DKR-ND","BBY6502VH6327XTSA1","Infineon Technologies","Infineon Technologies","DIODE TUNING 15V 50MA SC79","789","0.64","0","1","Tape & Reel (TR),Cut Tape (CT),Digi-Reel®","-","Active","2.8pF @ 4.7V, 1MHz","10.9","C0.3/C4.7","15 V","Single","-","-55°C ~ 150°C (TJ)","Surface Mount","SC-79, SOD-523","PG-SC79-2"
"https://www.skyworksinc.com/-/media/SkyWorks/Documents/Products/301-400/SMV1801_079LF_200915G.pdf","//media.digikey.com/Renders/Skyworks%20Solutions%20Renders/863;SC79;;2.jpg","863-1289-2-ND,863-1289-1-ND,863-1289-6-ND","SMV1801-079LF","Skyworks Solutions Inc.","Skyworks Solutions Inc.","DIODE VARACTOR 30V 20MA SC79","30,680","0.83","0","1","Tape & Reel (TR),Cut Tape (CT),Digi-Reel®","-","Active","2.89pF @ 28V, 1MHz","22","C1/C28","30 V","Single","-","-55°C ~ 125°C (TJ)","Surface Mount","SC-79, SOD-523","SC-79"
"https://www.skyworksinc.com:443/search?q=smv2025_series_201431e#documents","//media.digikey.com/Renders/Skyworks%20Solutions%20Renders/863;SOD882;;2.jpg","863-1789-2-ND,863-1789-1-ND,863-1789-6-ND","SMV2025-040LF","Skyworks Solutions Inc.","Skyworks Solutions Inc.","VARACTOR, SOD-882","47,843","0.87","0","1","Tape & Reel (TR),Cut Tape (CT),Digi-Reel®","-","Active","1.25pF @ 18V, 1MHz","2.2","C2/C10","20 V","Single","-","-55°C ~ 175°C (TJ)","Surface Mount","SOD-882","SOD-882"
"https://www.skyworksinc.com:443/search?q=smv2019_to_smv2023_series_200074q#documents","//media.digikey.com/Renders/Skyworks%20Solutions%20Renders/863;SOD882;;2.jpg","863-1739-2-ND,863-1739-1-ND,863-1739-6-ND","SMV2019-040LF","Skyworks Solutions Inc.","Skyworks Solutions Inc.","DIODE VARACTOR","15,160","0.87","0","1","Tape & Reel (TR),Cut Tape (CT),Digi-Reel®","-","Active","0.34pF @ 20V, 50MHz","2.3","C4/C20","22 V","Single","500 @ 4V, 50MHz","-55°C ~ 125°C (TJ)","Surface Mount","SOD-882","SOD-882"
"https://www.skyworksinc.com:443/404-ErrorPage?item=%2fuploads%2fdocuments%2fsmv1263_series_200062k&user=extranet%5cAnonymous&site=SkyworksInc","//media.digikey.com/Renders/Skyworks%20Solutions%20Renders/863;SOD882;;2.jpg","863-1722-2-ND,863-1722-1-ND,863-1722-6-ND","SMV1263-040LF","Skyworks Solutions Inc.","Skyworks Solutions Inc.","DIODE VARACTOR","29,495","0.99","0","1","Tape & Reel (TR),Cut Tape (CT),Digi-Reel®","-","Active","2.9pF @ 2.5V, 1MHz","2.5","C0.5/C2.5","20 V","Single","-","-55°C ~ 125°C (TJ)","Surface Mount","SOD-882","SOD-882"
"https://www.skyworksinc.com:443/404-ErrorPage?item=%2fuploads%2fdocuments%2fsmv123x_series_200058w&user=extranet%5cAnonymous&site=SkyworksInc","//media.digikey.com/Renders/Skyworks%20Solutions%20Renders/863;SC79;;2.jpg","863-1129-2-ND,863-1129-1-ND,863-1129-6-ND","SMV1232-079LF","Skyworks Solutions Inc.","Skyworks Solutions Inc.","DIODE VARACTOR 15V 20MA SC-79","21,644","1.1","0","1","Tape & Reel (TR),Cut Tape (CT),Digi-Reel®","-","Active","0.94pF @ 6V, 50MHz","3.3","C1/C6","15 V","Single","-","-55°C ~ 125°C (TJ)","Surface Mount","SC-79, SOD-523","SC-79"
"//media.digikey.com/pdf/Data%20Sheets/Skyworks%20PDFs/SMV1247-55_Series_9-12-19.pdf","//media.digikey.com/Renders/Skyworks%20Solutions%20Renders/863;SC79;;2.jpg","863-1136-2-ND,863-1136-1-ND,863-1136-6-ND","SMV1247-079LF","Skyworks Solutions Inc.","Skyworks Solutions Inc.","DIODE VARACTOR 15V 20MA SC-79","43,430","1.15","0","1","Tape & Reel (TR),Cut Tape (CT),Digi-Reel®","-","Active","0.78pF @ 4.7V, 50MHz","10","C0.3/C4.7","15 V","Single","1500 @ 3V, 50MHz","-55°C ~ 125°C (TJ)","Surface Mount","SC-79, SOD-523","SC-79"
"https://www.skyworksinc.com:443/404-ErrorPage?item=%2fuploads%2fdocuments%2fsmv123x_series_200058w&user=extranet%5cAnonymous&site=SkyworksInc","//media.digikey.com/Renders/Skyworks%20Solutions%20Renders/863;SC79;;2.jpg","863-1135-2-ND,863-1135-1-ND,863-1135-6-ND","SMV1236-079LF","Skyworks Solutions Inc.","Skyworks Solutions Inc.","DIODE VARACTOR 15V 20MA SC-79","40,815","1.15","0","1","Tape & Reel (TR),Cut Tape (CT),Digi-Reel®","-","Active","5.3pF @ 6V, 50MHz","3.5","C1/C6","15 V","Single","-","-55°C ~ 125°C (TJ)","Surface Mount","SC-79, SOD-523","SC-79"
"//media.digikey.com/pdf/Data%20Sheets/Skyworks%20PDFs/SMV1247-55_Series_9-12-19.pdf","//media.digikey.com/Renders/Skyworks%20Solutions%20Renders/863;SC79;;2.jpg","863-1138-2-ND,863-1138-1-ND,863-1138-6-ND","SMV1255-079LF","Skyworks Solutions Inc.","Skyworks Solutions Inc.","DIODE VARACTOR 15V 20MA SC-79","22,618","1.15","0","1","Tape & Reel (TR),Cut Tape (CT),Digi-Reel®","-","Active","5.8pF @ 4.7V, 50MHz","12.3","C0.3/C4.7","15 V","Single","350 @ 3V, 50MHz","-55°C ~ 125°C (TJ)","Surface Mount","SC-79, SOD-523","SC-79"
"https://www.skyworksinc.com:443/search?q=smv1281_series_200066l#documents","//media.digikey.com/Renders/Skyworks%20Solutions%20Renders/863;SC79;;2.jpg","863-1731-2-ND,863-1731-1-ND,863-1731-6-ND","SMV1281-079LF","Skyworks Solutions Inc.","Skyworks Solutions Inc.","DIODE VARACTOR","13,465","1.15","0","1","Tape & Reel (TR),Cut Tape (CT),Digi-Reel®","-","Active","-","12","C1/C20","24 V","Single","-","-55°C ~ 125°C (TJ)","Surface Mount","SC-79, SOD-523","SC-79"
"https://www.skyworksinc.com:443/404-ErrorPage?item=%2fuploads%2fdocuments%2fsmv123x_series_200058w&user=extranet%5cAnonymous&site=SkyworksInc","//media.digikey.com/Renders/Skyworks%20Solutions%20Renders/863;SOD323;;2.jpg","863-1134-2-ND,863-1134-1-ND,863-1134-6-ND","SMV1236-011LF","Skyworks Solutions Inc.","Skyworks Solutions Inc.","DIODE VARACTOR 15V 20MA SOD-323","22,335","1.36","0","1","Tape & Reel (TR),Cut Tape (CT),Digi-Reel®","-","Active","5.3pF @ 6V, 50MHz","3.5","C1/C6","15 V","Single","-","-55°C ~ 125°C (TJ)","Surface Mount","SC-76, SOD-323","SOD-323"
"https://www.skyworksinc.com:443/404-ErrorPage?item=%2fuploads%2fdocuments%2fsmv123x_series_200058w&user=extranet%5cAnonymous&site=SkyworksInc","//media.digikey.com/Renders/Skyworks%20Solutions%20Renders/863;SC79;;2.jpg","863-1132-2-ND,863-1132-1-ND,863-1132-6-ND","SMV1234-079LF","Skyworks Solutions Inc.","Skyworks Solutions Inc.","DIODE VARACTOR 15V 20MA SC-79","19,673","1.36","0","1","Tape & Reel (TR),Cut Tape (CT),Digi-Reel®","-","Active","2pF @ 6V, 50MHz","3.4","C1/C6","15 V","Single","-","-55°C ~ 125°C (TJ)","Surface Mount","SC-79, SOD-523","SC-79"
"https://www.skyworksinc.com:443/search?q=smv1405_1430_series_200068v#documents","//media.digikey.com/Renders/Skyworks%20Solutions%20Renders/863;SC79;;2.jpg","863-1142-2-ND,863-1142-1-ND,863-1142-6-ND","SMV1405-079LF","Skyworks Solutions Inc.","Skyworks Solutions Inc.","DIODE VARACTOR 30V 20MA SC-79","5,830","1.36","0","1","Tape & Reel (TR),Cut Tape (CT),Digi-Reel®","-","Active","1.45pF @ 4V, 50MHz","4.1","C0/C30","30 V","Single","3200 @ 4V, 50MHz","-55°C ~ 125°C (TJ)","Surface Mount","SC-79, SOD-523","SC-79"
"https://www.skyworksinc.com:443/404-ErrorPage?item=%2fuploads%2fdocuments%2fsmv123x_series_200058w&user=extranet%5cAnonymous&site=SkyworksInc","//media.digikey.com/Renders/Skyworks%20Solutions%20Renders/863;SC79;;2.jpg","863-1283-2-ND,863-1283-1-ND,863-1283-6-ND","SMV1235-079LF","Skyworks Solutions Inc.","Skyworks Solutions Inc.","DIODE VARACTOR 15V 20MA SC79","44,703","1.36","0","1","Tape & Reel (TR),Cut Tape (CT),Digi-Reel®","-","Active","3.6pF @ 6V, 50MHz","3.4","C1/C6","15 V","Single","-","-55°C ~ 125°C (TJ)","Surface Mount","SC-79, SOD-523","SC-79"
"https://www.skyworksinc.com:443/404-ErrorPage?item=%2fuploads%2fdocuments%2fsmv123x_series_200058w&user=extranet%5cAnonymous&site=SkyworksInc","//media.digikey.com/Renders/Skyworks%20Solutions%20Renders/863;SC79;;2.jpg","863-1282-2-ND,863-1282-1-ND,863-1282-6-ND","SMV1233-079LF","Skyworks Solutions Inc.","Skyworks Solutions Inc.","DIODE VARACTOR 15V 20MA SC79","21,405","1.36","0","1","Tape & Reel (TR),Cut Tape (CT),Digi-Reel®","-","Active","1.1pF @ 6V, 50MHz","3.3","C1/C6","15 V","Single","-","-55°C ~ 125°C (TJ)","Surface Mount","SC-79, SOD-523","SC-79"
"http://cdn.macom.com/datasheets/MAVR-011020-1141.pdf","//media.digikey.com/Renders/MACom%20Technology%20Solutions/Macom-MAVR-011020-1411.jpg","1465-1782-2-ND,1465-1782-1-ND,1465-1782-6-ND","MAVR-011020-14110P","MACOM Technology Solutions","MACOM Technology Solutions","SOLDERABLE GAAS CONSTANT GAMMA F","12,000","5.72","0","1","Tape & Reel (TR),Cut Tape (CT),Digi-Reel®","-","Active","0.05pF @ 15V, 1MHz","-","-","22 V","Single","3000 @ 4V, 50MHz","-40°C ~ 125°C (TJ)","Surface Mount","2-XFDFN, FCDFN","2-FlipChip"
"http://toshiba.semicon-storage.com/info/docget.jsp?did=2796&prodName=1SV280","//media.digikey.com/Renders/Toshiba%20Renders/SC-79,%20SOD-523.jpg","1SV280H3FTR-ND,1SV280H3FCT-ND,1SV280H3FDKR-ND","1SV280,H3F","Toshiba Semiconductor and Storage","Toshiba Semiconductor and Storage","DIODE VARACTOR 15V ESC","82,151","0.62","0","1","Tape & Reel (TR),Cut Tape (CT),Digi-Reel®","-","Active","2pF @ 10V, 1MHz","2.4","C2/C10","15 V","Single","-","125°C (TJ)","Surface Mount","SC-79, SOD-523","ESC"
"https://www.infineon.com/dgdl/bb640series.pdf?folderId=db3a304313d846880113d98def1d0130&fileId=db3a304313d846880113d9d5b10c0172","//media.digikey.com/Renders/Infineon%20Renders/SC-76,%20SOD-323,%20UMD2.jpg","BB640E6327HTSA1TR-ND,BB640E6327HTSA1CT-ND,BB640E6327HTSA1DKR-ND","BB640E6327HTSA1","Infineon Technologies","Infineon Technologies","DIODE VAR CAP 30V 20MA SOD-323","3,997","0.64","0","1","Tape & Reel (TR),Cut Tape (CT),Digi-Reel®","-","Not For New Designs","3.3pF @ 28V, 1MHz","25","C1/C28","30 V","Single","-","-55°C ~ 150°C (TJ)","Surface Mount","SC-76, SOD-323","PG-SOD323-2"
"https://www.infineon.com/dgdl/bb814series.pdf?folderId=db3a30431400ef680114267375cf0615&fileId=db3a304314dca389011527effe3e11da","//media.digikey.com/Renders/~~Pkg.Case%20or%20Series/SOT-23-3%20PKG.jpg","BB814E6327GR1HTSA1TR-ND,BB814E6327GR1HTSA1CT-ND,BB814E6327GR1HTSA1DKR-ND","BB814E6327GR1HTSA1","Infineon Technologies","Infineon Technologies","DIODE VAR CAP 18V 50MA SOT-23","19,218","0.61","0","1","Tape & Reel (TR),Cut Tape (CT),Digi-Reel®","-","Active","22.7pF @ 8V, 1MHz","2.25","C2/C8","18 V","1 Pair Common Cathode","200 @ 2V, 100MHz","-55°C ~ 125°C (TJ)","Surface Mount","TO-236-3, SC-59, SOT-23-3","SOT-23-3"
"https://www.skyworksinc.com:443/404-ErrorPage?item=%2fuploads%2fdocuments%2fsmv123x_series_200058w&user=extranet%5cAnonymous&site=SkyworksInc","//media.digikey.com/Renders/Skyworks%20Solutions%20Renders/SMV1247-040LF.jpg","863-1406-2-ND,863-1406-1-ND,863-1406-6-ND","SMV1232-040LF","Skyworks Solutions Inc.","Skyworks Solutions Inc.","DIODE VARACTOR 15V 20MA 0402","13,144","0.68","0","1","Tape & Reel (TR),Cut Tape (CT),Digi-Reel®","-","Active","1.5pF @ 3V, 1MHz","3.3","C1/C6","15 V","Single","-","-55°C ~ 125°C (TJ)","Surface Mount","0402 (1005 Metric)","0402"
"https://www.infineon.com/dgdl/bby58series.pdf?folderId=db3a304313d846880113ddc160d402c0&fileId=db3a304313d846880113de6d4a720386","//media.digikey.com/Renders/Infineon%20Renders/SC-79,%20SOD-523.jpg","BBY5802VH6327XTSA1TR-ND,BBY5802VH6327XTSA1CT-ND,BBY5802VH6327XTSA1DKR-ND","BBY5802VH6327XTSA1","Infineon Technologies","Infineon Technologies","DIODE TUNING 10V 20MA SC79","24,305","0.76","0","1","Tape & Reel (TR),Cut Tape (CT),Digi-Reel®","-","Active","5.5pF @ 6V, 1MHz","3.5","C1/C4","10 V","Single","-","-55°C ~ 150°C (TJ)","Surface Mount","SC-79, SOD-523","PG-SC79-2"
"https://www.infineon.com/dgdl/bby56series.pdf?folderId=db3a304313d846880113ddc160d402c0&fileId=db3a304313d846880113de4922f30333","//media.digikey.com/Renders/Infineon%20Renders/SC-79,%20SOD-523.jpg","BBY5602VH6327XTSA1TR-ND,BBY5602VH6327XTSA1CT-ND,BBY5602VH6327XTSA1DKR-ND","BBY5602VH6327XTSA1","Infineon Technologies","Infineon Technologies","DIODE TUNING 2SC79","1,961","0.76","0","1","Tape & Reel (TR),Cut Tape (CT),Digi-Reel®","-","Active","12.1pF @ 4V, 1MHz","3.3","C1/C3","10 V","Single","-","-55°C ~ 150°C (TJ)","Surface Mount","SC-79, SOD-523","PG-SC79-2"
"https://www.infineon.com/dgdl/bby57series.pdf?folderId=db3a304313d846880113ddc160d402c0&fileId=db3a304313d846880113de4dfd070341","//media.digikey.com/Renders/Infineon%20Renders/SC-79,%20SOD-523.jpg","BBY5702VH6327XTSA1TR-ND,BBY5702VH6327XTSA1CT-ND,BBY5702VH6327XTSA1DKR-ND","BBY5702VH6327XTSA1","Infineon Technologies","Infineon Technologies","DIODE TUNING 10V 20MA SC79","116,071","0.65","0","1","Tape & Reel (TR),Cut Tape (CT),Digi-Reel®","-","Active","5.5pF @ 4V, 1MHz","4.5","C1/C4","10 V","Single","-","-55°C ~ 125°C (TJ)","Surface Mount","SC-79, SOD-523","PG-SC79-2"
"https://www.skyworksinc.com:443/search?q=smv1405_1430_series_200068v#documents","//media.digikey.com/Renders/Skyworks%20Solutions%20Renders/863;SOD882;;2.jpg","863-1733-2-ND,863-1733-1-ND,863-1733-6-ND","SMV1430-040LF","Skyworks Solutions Inc.","Skyworks Solutions Inc.","DIODE VARACTOR","113,008","0.87","0","1","Tape & Reel (TR),Cut Tape (CT),Digi-Reel®","-","Active","0.7pF @ 4V, 50MHz","3.8","C0/C30","30 V","Single","1680 @ 4V, 50MHz","-55°C ~ 125°C (TJ)","Surface Mount","SOD-882","SOD-882"
"https://www.skyworksinc.com:443/404-ErrorPage?item=%2fuploads%2fdocuments%2fsmv123x_series_200058w&user=extranet%5cAnonymous&site=SkyworksInc","//media.digikey.com/Renders/Skyworks%20Solutions%20Renders/863;SOD882;;2.jpg","863-1710-2-ND,863-1710-1-ND,863-1710-6-ND","SMV1231-040LF","Skyworks Solutions Inc.","Skyworks Solutions Inc.","DIODE VARACTOR","29,520","0.87","0","1","Tape & Reel (TR),Cut Tape (CT),Digi-Reel®","-","Active","0.61pF @ 6V, 50MHz","2.8","C1/C6","15 V","Single","-","-55°C ~ 125°C (TJ)","Surface Mount","SOD-882","SOD-882"
"https://www.skyworksinc.com:443/404-ErrorPage?item=%2fuploads%2fdocuments%2fsmv1705_series_200076o&user=extranet%5cAnonymous&site=SkyworksInc","//media.digikey.com/Renders/Skyworks%20Solutions%20Renders/863;SC79;;2.jpg","863-1287-2-ND,863-1287-1-ND,863-1287-6-ND","SMV1705-079LF","Skyworks Solutions Inc.","Skyworks Solutions Inc.","DIODE VARACTOR 12V 20MA SC79","4,807","0.87","0","1","Tape & Reel (TR),Cut Tape (CT),Digi-Reel®","-","Active","6.6pF @ 4V, 1MHz","3","C1/C4","12 V","Single","-","-55°C ~ 125°C (TJ)","Surface Mount","SC-79, SOD-523","SC-79"
"https://www.skyworksinc.com:443/404-ErrorPage?item=%2fuploads%2fdocuments%2fsmv121x_series_200057t&user=extranet%5cAnonymous&site=SkyworksInc","//media.digikey.com/Renders/Skyworks%20Solutions%20Renders/863;SOT23-3;;3.jpg","863-1127-2-ND,863-1127-1-ND,863-1127-6-ND","SMV1213-001LF","Skyworks Solutions Inc.","Skyworks Solutions Inc.","DIODE VARACTOR 12V 20MA SOT-23","46,153","1.15","0","1","Tape & Reel (TR),Cut Tape (CT),Digi-Reel®","-","Active","5.5pF @ 4V, 50MHz","5","C1/C4","12 V","Single","-","-55°C ~ 125°C (TJ)","Surface Mount","TO-236-3, SC-59, SOT-23-3","SOT-23-3"
"//media.digikey.com/pdf/Data%20Sheets/Skyworks%20PDFs/SMV1247-55_Series_9-12-19.pdf","//media.digikey.com/Renders/Skyworks%20Solutions%20Renders/863;SOT23-3;;3.jpg","863-1720-2-ND,863-1720-1-ND,863-1720-6-ND","SMV1253-004LF","Skyworks Solutions Inc.","Skyworks Solutions Inc.","DIODE VARACTOR","14,048","1.15","0","1","Tape & Reel (TR),Cut Tape (CT),Digi-Reel®","-","Active","4.8pF @ 4.7V, 50MHz","12.3","C0.3/C4.7","15 V","1 Pair Common Cathode","350 @ 3V, 50MHz","-55°C ~ 125°C (TJ)","Surface Mount","TO-236-3, SC-59, SOT-23-3","SOT-23-3"
"https://www.skyworksinc.com:443/search?q=200071g#documents","//media.digikey.com/Renders/Skyworks%20Solutions%20Renders/863;SOD323;;2.jpg","863-1788-2-ND,863-1788-1-ND,863-1788-6-ND","SMV1702-011LF","Skyworks Solutions Inc.","Skyworks Solutions Inc.","SOD323 N-TYPE SINGLE LEAD FREE","15,612","1.36","0","1","Tape & Reel (TR),Cut Tape (CT),Digi-Reel®","-","Active","29pF @ 4V, 1MHz","4","C0.1/C4","10 V","Single","-","-55°C ~ 125°C (TJ)","Surface Mount","SC-76, SOD-323","SOD-323"
"https://www.skyworksinc.com:443/404-ErrorPage?item=%2fuploads%2fdocuments%2fsmv1270_series_200065j&user=extranet%5cAnonymous&site=SkyworksInc","//media.digikey.com/Renders/Skyworks%20Solutions%20Renders/863;SC79;;2.jpg","863-1140-2-ND,863-1140-1-ND,863-1140-6-ND","SMV1270-079LF","Skyworks Solutions Inc.","Skyworks Solutions Inc.","DIODE VARICAP 12V SC79","8,446","1.36","0","1","Tape & Reel (TR),Cut Tape (CT),Digi-Reel®","-","Active","9.8pF @ 2.5V, 1MHz","2.7","C0.5/C2.5","20 V","Single","-","-55°C ~ 125°C (TJ)","Surface Mount","SC-79, SOD-523","SC-79"
"https://www.skyworksinc.com:443/search?q=smv1130_series_200150k#documents","//media.digikey.com/Renders/Skyworks%20Solutions%20Renders/863;SC79;;2.jpg","863-1621-2-ND,863-1621-1-ND,863-1621-6-ND","SMV1130-079LF","Skyworks Solutions Inc.","Skyworks Solutions Inc.","VARACTOR JUNCTION TUNING","4,706","1.36","0","1","Tape & Reel (TR),Cut Tape (CT),Digi-Reel®","-","Active","21.2pF @ 1V, 1MHz","4.5","C1/C9","26 V","Single","-","-55°C ~ 125°C (TJ)","Surface Mount","SC-79, SOD-523","SC-79"
"//media.digikey.com/pdf/Data%20Sheets/Skyworks%20PDFs/SMV1247-55_Series_9-12-19.pdf","//media.digikey.com/Renders/Skyworks%20Solutions%20Renders/863;SC79;;2.jpg","863-1623-2-ND,863-1623-1-ND,863-1623-6-ND","SMV1248-079LF","Skyworks Solutions Inc.","Skyworks Solutions Inc.","DIODE VARACTOR 15V 20MA SC-79","8,242","1.36","0","1","Tape & Reel (TR),Cut Tape (CT),Digi-Reel®","-","Active","1.7pF @ 4.7V, 50MHz","12","C0.3/C4.7","15 V","Single","700 @ 3V, 50MHz","-55°C ~ 125°C (TJ)","Surface Mount","SC-79, SOD-523","SC-79"
"//media.digikey.com/pdf/Data%20Sheets/Skyworks%20PDFs/SMV1247-55_Series_9-12-19.pdf","//media.digikey.com/Renders/Skyworks%20Solutions%20Renders/863;SOD323;;2.jpg","863-1284-2-ND,863-1284-1-ND,863-1284-6-ND","SMV1255-011LF","Skyworks Solutions Inc.","Skyworks Solutions Inc.","DIODE VARACTOR 15V 20MA SOD323","4,711","1.36","0","1","Tape & Reel (TR),Cut Tape (CT),Digi-Reel®","-","Active","5.8pF @ 4.7V, 50MHz","12.3","C0.3/C4.7","15 V","Single","350 @ 3V, 50MHz","-55°C ~ 125°C (TJ)","Surface Mount","SC-76, SOD-323","SOD-323"
"//media.digikey.com/pdf/Data%20Sheets/Skyworks%20PDFs/SMV1247-55_Series_9-12-19.pdf","//media.digikey.com/Renders/Skyworks%20Solutions%20Renders/863;SC79;;2.jpg","863-1719-2-ND,863-1719-1-ND,863-1719-6-ND","SMV1251-079LF","Skyworks Solutions Inc.","Skyworks Solutions Inc.","DIODE VARACTOR","7,167","1.36","0","1","Tape & Reel (TR),Cut Tape (CT),Digi-Reel®","-","Active","3.8pF @ 4.7V, 50MHz","12.2","C0.3/C4.7","15 V","Single","400 @ 3V, 50MHz","-55°C ~ 125°C (TJ)","Surface Mount","SC-79, SOD-523","SC-79"
"https://www.skyworksinc.com:443/search?q=smv2019_to_smv2023_series_200074q#documents","//media.digikey.com/Renders/Skyworks%20Solutions%20Renders/863;SC79;;2.jpg","863-1290-2-ND,863-1290-1-ND,863-1290-6-ND","SMV2019-079LF","Skyworks Solutions Inc.","Skyworks Solutions Inc.","DIODE VARACTOR 22V 20MA SC79","9,864","1.93","0","1","Tape & Reel (TR),Cut Tape (CT),Digi-Reel®","-","Active","0.34pF @ 20V, 50MHz","2.3","C4/C20","22 V","Single","500 @ 4V, 50MHz","-55°C ~ 125°C (TJ)","Surface Mount","SC-79, SOD-523","SC-79"
"http://cdn.macom.com/datasheets/MAVR-000120-1411.pdf","//media.digikey.com/Photos/MACom%20Technology%20Solutions/MAVR-000120-14110G.jpg","1465-1779-ND","MAVR-000120-14110G","MACOM Technology Solutions","MACOM Technology Solutions","DIODE VARACTOR","1,400","4","0","100","Tray","-","Active","0.2pF @ 10V, 1MHz","-","-","20 V","Single","3000 @ 4V, 50MHz","-40°C ~ 125°C (TJ)","Surface Mount","2-XFDFN, FCDFN","2-FlipChip"
"https://cdn.macom.com/datasheets/MA46H120%20Series.pdf","//media.digikey.com/Photos/MACom%20Technology%20Solutions/MA46H120.JPG","1465-1011-ND","MA46H120","MACOM Technology Solutions","MACOM Technology Solutions","VARACTORDIODE FLIPCHIP GAAS","600","5.5099","0","100","Bulk","-","Active","0.2pF @ 10V, 1MHz","-","-","20 V","Single","3000 @ 4V, 50MHz","-40°C ~ 125°C (TJ)","Surface Mount","2-SMD","-"
"http://cdn.macom.com/datasheets/MA46%20Series.pdf","//media.digikey.com/Photos/MACom%20Technology%20Solutions/MA46H070-1056.JPG","1465-1010-ND","MA46H070-1056","MACOM Technology Solutions","MACOM Technology Solutions","DIODE VARACTOR .75 HYPER GAAS SL","200","27.6072","0","100","Bulk","-","Active","0.7pF @ 4V, 1MHz","5.5","C0/C20","20 V","Single","4500 @ 4V, 50MHz","-65°C ~ 150°C (TJ)","Surface Mount","2-SMD","-"
"http://cdn.macom.com/datasheets/MA46%20Series.pdf","//media.digikey.com/Photos/MACom%20Technology%20Solutions/1056.JPG","1465-1014-ND","MA46H203-1056","MACOM Technology Solutions","MACOM Technology Solutions","DIODE VARACTOR DUAL GAAS","197","32.2944","0","100","Bulk","-","Active","5.5pF @ 4V, 1MHz","10","C2/C20","22 V","Single","1500 @ 4V, 50MHz","-65°C ~ 150°C (TJ)","Surface Mount","2-SMD","-"
"http://cdn.macom.com/datasheets/MA46%20Series.pdf","//media.digikey.com/Photos/MACom%20Technology%20Solutions/1056.JPG","1465-1015-ND","MA46H204-1056","MACOM Technology Solutions","MACOM Technology Solutions","DIODE VARACTOR DUAL GAAS","110","32.2944","0","100","Bulk","-","Active","11pF @ 4V, 1MHz","10","C2/C20","22 V","Single","1500 @ 4V, 50MHz","-65°C ~ 150°C (TJ)","Surface Mount","2-SMD","-"
"https://www.infineon.com/dgdl/bb535series_bb555series.pdf?folderId=db3a304313d846880113d98def1d0130&fileId=db3a304313d846880113d99d5153013c","//media.digikey.com/Renders/Infineon%20Renders/SC-76,%20SOD-323,%20UMD2.jpg","BB535E7904HTSA1TR-ND,BB535E7904HTSA1CT-ND,BB535E7904HTSA1DKR-ND","BB535E7904HTSA1","Infineon Technologies","Infineon Technologies","DIODE VAR CAP 30V 20MA SOD-323","13,459","0.53","0","1","Tape & Reel (TR),Cut Tape (CT),Digi-Reel®","-","Not For New Designs","2.3pF @ 28V, 1MHz","9.8","C1/C28","30 V","Single","-","-55°C ~ 150°C (TJ)","Surface Mount","SC-76, SOD-323","PG-SOD323-2"
"http://toshiba.semicon-storage.com/info/docget.jsp?did=2798&prodName=1SV281","//media.digikey.com/Renders/Toshiba%20Renders/SC-79,%20SOD-523.jpg","1SV281(TPH3F)TR-ND,1SV281(TPH3F)CT-ND,1SV281(TPH3F)DKR-ND","1SV281(TPH3,F)","Toshiba Semiconductor and Storage","Toshiba Semiconductor and Storage","DIODE VCO V/UHF 10V ESC","22,198","0.53","0","1","Tape & Reel (TR),Cut Tape (CT),Digi-Reel®","-","Active","8.7pF @ 4V, 1MHz","2","C1/C4","10 V","Single","-","125°C (TJ)","Surface Mount","SC-79, SOD-523","ESC"
"http://toshiba.semicon-storage.com/info/docget.jsp?did=2769&prodName=1SV239","//media.digikey.com/Renders/Toshiba%20Renders/SOD-323,SC-76.jpg","1SV239TPH3FTR-ND,1SV239TPH3FCT-ND,1SV239TPH3FDKR-ND","1SV239TPH3F","Toshiba Semiconductor and Storage","Toshiba Semiconductor and Storage","DIODE VARACTOR 15V USC","11,459","0.68","0","1","Tape & Reel (TR),Cut Tape (CT),Digi-Reel®","-","Active","2pF @ 10V, 1MHz","2.4","C2/C10","15 V","Single","-","125°C (TJ)","Surface Mount","SC-76, SOD-323","USC"
"https://www.skyworksinc.com:443/search?q=smv1273_079lf_203018b#documents","//media.digikey.com/Renders/Skyworks%20Solutions%20Renders/863;SC79;;2.jpg","863-1728-2-ND,863-1728-1-ND,863-1728-6-ND","SMV1273-079LF","Skyworks Solutions Inc.","Skyworks Solutions Inc.","DIODE VARACTOR","219,175","0.57","0","1","Tape & Reel (TR),Cut Tape (CT),Digi-Reel®","-","Active","2.4pF @ 25V, 1MHz","7","C2/C25","29 V","Single","-","-55°C ~ 125°C (TJ)","Surface Mount","SC-79, SOD-523","SC-79"
"https://www.skyworksinc.com:443/search?q=smv1245_series_200060i#documents","//media.digikey.com/Renders/Skyworks%20Solutions%20Renders/863;SC79;;2.jpg","863-1715-2-ND,863-1715-1-ND,863-1715-6-ND","SMV1245-079LF","Skyworks Solutions Inc.","Skyworks Solutions Inc.","DIODE VARACTOR 15V 20MA SC-79","19,955","0.57","0","1","Tape & Reel (TR),Cut Tape (CT),Digi-Reel®","-","Active","5.4pF @ 1V, 1MHz","4.2","C1/C9","26 V","Single","-","-55°C ~ 125°C (TJ)","Surface Mount","SC-79, SOD-523","SC-79"
"https://www.skyworksinc.com:443/search?q=smv2025_series_201431e#documents","//media.digikey.com/Renders/Skyworks%20Solutions%20Renders/863;SC79;;2.jpg","863-1741-2-ND,863-1741-1-ND,863-1741-6-ND","SMV2025-079LF","Skyworks Solutions Inc.","Skyworks Solutions Inc.","DIODE VARACTOR","6,032","0.57","0","1","Tape & Reel (TR),Cut Tape (CT),Digi-Reel®","-","Active","1.25pF @ 18V, 1MHz","2.2","C2/C10","20 V","Single","-","-55°C ~ 175°C (TJ)","Surface Mount","SC-79, SOD-523","SC-79"
"https://www.skyworksinc.com:443/search?q=smv1275_079lf_203096b#documents","//media.digikey.com/Renders/Skyworks%20Solutions%20Renders/863;SC79;;2.jpg","863-1729-2-ND,863-1729-1-ND,863-1729-6-ND","SMV1275-079LF","Skyworks Solutions Inc.","Skyworks Solutions Inc.","DIODE VARACTOR","4,532","0.57","0","1","Tape & Reel (TR),Cut Tape (CT),Digi-Reel®","-","Active","1.81pF @ 4V, 1MHz","1.8","C1/C4","10 V","Single","-","-55°C ~ 125°C (TJ)","Surface Mount","SC-79, SOD-523","SC-79"
"https://rocelec.widen.net/view/pdf/9q2e7vhxo4/INFNS15715-1.pdf?t.download=true&u=5oefqw","//media.digikey.com/Renders/Infineon%20Renders/SC-79,%20SOD-523.jpg","BBY5302VH6327XTSA1TR-ND,BBY5302VH6327XTSA1CT-ND,BBY5302VH6327XTSA1DKR-ND","BBY5302VH6327XTSA1","Infineon Technologies","Infineon Technologies","DIODE TUNING 6V 20MA SC79","2,090","0.76","0","1","Tape & Reel (TR),Cut Tape (CT),Digi-Reel®","-","Active","3.1pF @ 3V, 1MHz","2.6","C1/C3","6 V","Single","-","-55°C ~ 125°C (TJ)","Surface Mount","SC-79, SOD-523","PG-SC79-2"
"https://www.nxp.com/docs/en/data-sheet/BB174.pdf","//media.digikey.com/renders/NXP%20Semi%20Renders/SOD-523%20(1-1G1A,%20SC-79).jpg","568-11815-2-ND,568-11815-1-ND,568-11815-6-ND","BB174X","NXP USA Inc.","NXP USA Inc.","DIODE VHF VAR CAP 30V SOD523","17,724","0.64","0","1","Tape & Reel (TR),Cut Tape (CT),Digi-Reel®","-","Active","2.22pF @ 28V, 1MHz","10.9","C1/C28","30 V","Single","-","-55°C ~ 125°C (TJ)","Surface Mount","SC-79, SOD-523","SOD-523"
"https://www.skyworksinc.com:443/search?q=smv1276_079lf_203098b#documents","//media.digikey.com/Renders/Skyworks%20Solutions%20Renders/863;SC79;;2.jpg","863-1730-2-ND,863-1730-1-ND,863-1730-6-ND","SMV1276-079LF","Skyworks Solutions Inc.","Skyworks Solutions Inc.","DIODE VARACTOR","20,936","0.64","0","1","Tape & Reel (TR),Cut Tape (CT),Digi-Reel®","-","Active","2.35pF @ 4V, 1MHz","2","C1/C4","10 V","Single","-","-55°C ~ 125°C (TJ)","Surface Mount","SC-79, SOD-523","SC-79"
"https://www.nxp.com/docs/en/data-sheet/BB145B.pdf","//media.digikey.com/renders/NXP%20Semi%20Renders/SOD-523%20(1-1G1A,%20SC-79).jpg","568-3428-2-ND,568-3428-1-ND,568-3428-6-ND","BB145B,115","NXP USA Inc.","NXP USA Inc.","DIODE VAR CAP 6V SOD-523","27,261","0.6","0","1","Tape & Reel (TR),Cut Tape (CT),Digi-Reel®","-","Active","2.95pF @ 4V, 1MHz","2.2","C1/C4","6 V","Single","-","-55°C ~ 150°C (TJ)","Surface Mount","SC-79, SOD-523","SOD-523"
"https://www.nxp.com/docs/en/data-sheet/BB175.pdf","//media.digikey.com/renders/NXP%20Semi%20Renders/SOD-523%20(1-1G1A,%20SC-79).jpg","568-BB175XTR-ND,568-BB175XCT-ND,568-BB175XDKR-ND","BB175X","NXP USA Inc.","NXP USA Inc.","DIODE VHF VAR CAP 32V SOD523","6,788","0.62","0","1","Tape & Reel (TR),Cut Tape (CT),Digi-Reel®","-","Active","2.89pF @ 28V, 1MHz","22","C1/C28","32 V","Single","-","-55°C ~ 125°C (TJ)","Surface Mount","SC-79, SOD-523","SOD-523"
"https://www.skyworksinc.com:443/search?q=smv1763_series_200072m#documents","//media.digikey.com/Renders/Skyworks%20Solutions%20Renders/SMV1247-040LF.jpg","863-1736-2-ND,863-1736-1-ND,863-1736-6-ND","SMV1763-040LF","Skyworks Solutions Inc.","Skyworks Solutions Inc.","DIODE VARACTOR","5,580","0.8","0","1","Tape & Reel (TR),Cut Tape (CT),Digi-Reel®","-","Active","2.9pF @ 2.5V, 1MHz","2.7","C0.5/C2.5","10 V","Single","-","-55°C ~ 125°C (TJ)","Surface Mount","0402 (1005 Metric)","0402"
"https://www.skyworksinc.com:443/search?q=201953a#documents","//media.digikey.com/Renders/Skyworks%20Solutions%20Renders/SMV1247-040LF.jpg","863-1769-2-ND,863-1769-1-ND,863-1769-6-ND","SMV2201-040LF","Skyworks Solutions Inc.","Skyworks Solutions Inc.","DIODE TUNING VARACTOR 0402","3,538","0.87","0","1","Tape & Reel (TR),Cut Tape (CT),Digi-Reel®","-","Active","-","-","-","22 V","Single","500 @ 4V, 50MHz","-55°C ~ 175°C (TJ)","Surface Mount","0402 (1005 Metric)","0402"
"//media.digikey.com/pdf/Data%20Sheets/Skyworks%20PDFs/SMV1247-55_Series_9-12-19.pdf","//media.digikey.com/Renders/Skyworks%20Solutions%20Renders/SMV1247-040LF.jpg","863-1721-2-ND,863-1721-1-ND,863-1721-6-ND","SMV1253-040LF","Skyworks Solutions Inc.","Skyworks Solutions Inc.","DIODE VARACTOR","21,005","0.87","0","1","Tape & Reel (TR),Cut Tape (CT),Digi-Reel®","-","Active","4.8pF @ 4.7V, 50MHz","12.3","C0.3/C4.7","15 V","Single","350 @ 3V, 50MHz","-55°C ~ 125°C (TJ)","Surface Mount","0402 (1005 Metric)","0402"
"https://www.skyworksinc.com:443/search?q=smv2026_series_201836c#documents","//media.digikey.com/Renders/Skyworks%20Solutions%20Renders/863;SOD882;;2.jpg","863-1742-2-ND,863-1742-1-ND,863-1742-6-ND","SMV2026-040LF","Skyworks Solutions Inc.","Skyworks Solutions Inc.","DIODE VARACTOR","20,312","0.87","0","1","Tape & Reel (TR),Cut Tape (CT),Digi-Reel®","-","Active","6.5pF @ 10V, 1MHz","2.5","C2/C10","15 V","Single","-","-55°C ~ 175°C (TJ)","Surface Mount","SOD-882","SOD-882"
"https://www.skyworksinc.com:443/search?q=201953a#documents","//media.digikey.com/Renders/Skyworks%20Solutions%20Renders/SMV1247-040LF.jpg","863-1744-2-ND,863-1744-1-ND,863-1744-6-ND","SMV2202-040LF","Skyworks Solutions Inc.","Skyworks Solutions Inc.","DIODE VARACTOR","20,239","0.87","0","1","Tape & Reel (TR),Cut Tape (CT),Digi-Reel®","-","Active","-","-","-","22 V","Single","500 @ 4V, 50MHz","-55°C ~ 175°C (TJ)","Surface Mount","0402 (1005 Metric)","0402"
"https://www.skyworksinc.com:443/search?q=201953a#documents","//media.digikey.com/Renders/Skyworks%20Solutions%20Renders/SMV1247-040LF.jpg","863-1746-2-ND,863-1746-1-ND,863-1746-6-ND","SMV2204-040LF","Skyworks Solutions Inc.","Skyworks Solutions Inc.","DIODE VARACTOR","13,135","0.87","0","1","Tape & Reel (TR),Cut Tape (CT),Digi-Reel®","-","Active","-","-","-","22 V","Single","400 @ 4V, 50MHz","-55°C ~ 175°C (TJ)","Surface Mount","0402 (1005 Metric)","0402"
"https://www.skyworksinc.com:443/404-ErrorPage?item=%2fuploads%2fdocuments%2fsmv123x_series_200058w&user=extranet%5cAnonymous&site=SkyworksInc","//media.digikey.com/Renders/Skyworks%20Solutions%20Renders/863;SOD882;;2.jpg","863-1712-2-ND,863-1712-1-ND,863-1712-6-ND","SMV1233-040LF","Skyworks Solutions Inc.","Skyworks Solutions Inc.","DIODE VARACTOR 15V 20MA","8,310","0.87","0","1","Tape & Reel (TR),Cut Tape (CT),Digi-Reel®","-","Active","1.1pF @ 6V, 50MHz","3.3","C1/C6","15 V","Single","-","-55°C ~ 125°C (TJ)","Surface Mount","SOD-882","SOD-882"
"https://www.skyworksinc.com:443/search?q=smv1405_1430_series_200068v#documents","//media.digikey.com/Renders/Skyworks%20Solutions%20Renders/863;SOD882;;2.jpg","863-1732-2-ND,863-1732-1-ND,863-1732-6-ND","SMV1408-040LF","Skyworks Solutions Inc.","Skyworks Solutions Inc.","DIODE VARACTOR","6,468","0.87","0","1","Tape & Reel (TR),Cut Tape (CT),Digi-Reel®","-","Active","2.11pF @ 4V, 50MHz","4.1","C0/C30","30 V","Single","2900 @ 4V, 50MHz","-55°C ~ 125°C (TJ)","Surface Mount","SOD-882","SOD-882"
"https://www.skyworksinc.com:443/404-ErrorPage?item=%2fuploads%2fdocuments%2fsmv121x_series_200057t&user=extranet%5cAnonymous&site=SkyworksInc","//media.digikey.com/Renders/Skyworks%20Solutions%20Renders/863;SOT23-3;;3.jpg","863-1128-2-ND,863-1128-1-ND,863-1128-6-ND","SMV1213-004LF","Skyworks Solutions Inc.","Skyworks Solutions Inc.","DIODE VARACTOR 12V 20MA SOT23-3","18,619","1.1","0","1","Tape & Reel (TR),Cut Tape (CT),Digi-Reel®","-","Active","5.5pF @ 4V, 50MHz","5","C1/C4","12 V","1 Pair Common Cathode","-","-55°C ~ 125°C (TJ)","Surface Mount","TO-236-3, SC-59, SOT-23-3","SOT-23-3"
"https://www.skyworksinc.com:443/search?q=smv1763_series_200072m#documents","//media.digikey.com/Renders/Skyworks%20Solutions%20Renders/863;SC79;;2.jpg","863-1144-2-ND,863-1144-1-ND,863-1144-6-ND","SMV1763-079LF","Skyworks Solutions Inc.","Skyworks Solutions Inc.","DIODE VARACTOR 8V 20MA SC-79","14,244","1.15","0","1","Tape & Reel (TR),Cut Tape (CT),Digi-Reel®","-","Active","2.9pF @ 2.5V, 1MHz","2.7","C0.5/C2.5","10 V","Single","-","-55°C ~ 125°C (TJ)","Surface Mount","SC-79, SOD-523","SC-79"
"https://www.skyworksinc.com:443/404-ErrorPage?item=%2fuploads%2fdocuments%2fsmv1263_series_200062k&user=extranet%5cAnonymous&site=SkyworksInc","//media.digikey.com/Renders/Skyworks%20Solutions%20Renders/863;SC79;;2.jpg","863-1139-2-ND,863-1139-1-ND,863-1139-6-ND","SMV1263-079LF","Skyworks Solutions Inc.","Skyworks Solutions Inc.","DIODE VARACTOR 15V 20MA SC-79","14,897","1.22","0","1","Tape & Reel (TR),Cut Tape (CT),Digi-Reel®","-","Active","2.9pF @ 2.5V, 1MHz","2.5","C0.5/C2.5","20 V","Single","-","-55°C ~ 125°C (TJ)","Surface Mount","SC-79, SOD-523","SC-79"
"https://www.skyworksinc.com:443/search?q=smv2019_to_smv2023_series_200074q#documents","//media.digikey.com/Renders/Skyworks%20Solutions%20Renders/863;SC79;;2.jpg","863-1740-2-ND,863-1740-1-ND,863-1740-6-ND","SMV2020-079LF","Skyworks Solutions Inc.","Skyworks Solutions Inc.","DIODE VARACTOR","2,950","1.36","0","1","Tape & Reel (TR),Cut Tape (CT),Digi-Reel®","-","Active","0.43pF @ 20V, 50MHz","2.8","C4/C20","22 V","Single","500 @ 4V, 50MHz","-55°C ~ 125°C (TJ)","Surface Mount","SC-79, SOD-523","SC-79"
"https://www.skyworksinc.com:443/search?q=smv1470_004lf_200069h#documents","//media.digikey.com/Renders/Skyworks%20Solutions%20Renders/863;SOT23-3;;3.jpg","863-1734-2-ND,863-1734-1-ND,863-1734-6-ND","SMV1470-004LF","Skyworks Solutions Inc.","Skyworks Solutions Inc.","DIODE VARACTOR","4,824","1.49","0","1","Tape & Reel (TR),Cut Tape (CT),Digi-Reel®","-","Active","14.8pF @ 4.5V, 1MHz","6","C1/C5","10 V","1 Pair Common Cathode","-","-55°C ~ 125°C (TJ)","Surface Mount","TO-236-3, SC-59, SOT-23-3","SOT-23-3"
"https://www.skyworksinc.com/-/media/SkyWorks/Documents/Products/2001-2100/SMVA1470_004LF_203206C.pdf","//media.digikey.com/Renders/Skyworks%20Solutions%20Renders/863;SOT23-3;;3.jpg","863-1751-2-ND,863-1751-1-ND,863-1751-6-ND","SMVA1470-004LF","Skyworks Solutions Inc.","Skyworks Solutions Inc.","DIODE VARACTOR","3,214","1.59","0","1","Tape & Reel (TR),Cut Tape (CT),Digi-Reel®","-","Active","14.8pF @ 4.5V, 1MHz","6","C1/C5","10 V","1 Pair Common Cathode","-","-55°C ~ 125°C (TJ)","Surface Mount","TO-236-3, SC-59, SOT-23-3","SOT-23"
"https://www.skyworksinc.com:443/404-ErrorPage?item=%2fuploads%2fdocuments%2fsmv123x_series_200058w&user=extranet%5cAnonymous&site=SkyworksInc","//media.digikey.com/Photos/Skyworks%20Solutions%20Photos/SMP1340-074LF.jpg","863-1711-2-ND,863-1711-1-ND,863-1711-6-ND","SMV1231-074LF","Skyworks Solutions Inc.","Skyworks Solutions Inc.","DIODE VARACTOR","11,640","1.62","0","1","Tape & Reel (TR),Cut Tape (CT),Digi-Reel®","-","Active","0.61pF @ 6V, 50MHz","2.8","C1/C6","15 V","1 Pair Common Cathode","-","-55°C ~ 125°C (TJ)","Surface Mount","SC-70, SOT-323","SC-70-3"
"https://www.nxp.com/docs/en/data-sheet/BB201.pdf","//media.digikey.com/Renders/NXP%20Semi%20Renders/568;SOT23;ARL,ASL;3.jpg","568-1952-2-ND,568-1952-1-ND,568-1952-6-ND","BB201,215","NXP USA Inc.","NXP USA Inc.","DIODE VAR CAP DUAL 15V SOT-23","3,798","1.07","0","1","Tape & Reel (TR),Cut Tape (CT),Digi-Reel®","-","Active","25.5pF @ 8V, 1MHz","3.8","C1/C7.5","15 V","1 Pair Common Cathode","-","-55°C ~ 125°C (TJ)","Surface Mount","TO-236-3, SC-59, SOT-23-3","TO-236AB (SOT23)"
"https://www.nxp.com/docs/en/data-sheet/BB181.pdf","//media.digikey.com/renders/NXP%20Semi%20Renders/SOD-523%20(1-1G1A,%20SC-79).jpg","568-1948-2-ND,568-1948-1-ND,568-1948-6-ND","BB181,115","NXP USA Inc.","NXP USA Inc.","DIODE VHF VAR CAP 30V SOD523","5,310","0.62","0","1","Tape & Reel (TR),Cut Tape (CT),Digi-Reel®","-","Active","1.055pF @ 28V, 1MHz","16","C0.5/C28","30 V","Single","-","-55°C ~ 150°C (TJ)","Surface Mount","SC-79, SOD-523","SOD-523"
"https://www.skyworksinc.com:443/search?q=smv1272_079lf_202934b#documents","//media.digikey.com/Renders/Skyworks%20Solutions%20Renders/863;SC79;;2.jpg","863-1727-2-ND,863-1727-1-ND,863-1727-6-ND","SMV1272-079LF","Skyworks Solutions Inc.","Skyworks Solutions Inc.","DIODE VARACTOR","28,190","0.57","0","1","Tape & Reel (TR),Cut Tape (CT),Digi-Reel®","-","Active","6pF @ 4V, 1MHz","3","C1/C4","15 V","Single","-","-55°C ~ 125°C (TJ)","Surface Mount","SC-79, SOD-523","SC-79"
"https://www.nxp.com/docs/en/data-sheet/BB172.pdf","//media.digikey.com/Renders/NXP%20Semi%20Renders/SC-76,SOD-323.jpg","568-11993-2-ND,568-11993-1-ND,568-11993-6-ND","BB172X","NXP USA Inc.","NXP USA Inc.","DIODE VHF VAR CAP 32V SOD323","14,494","0.68","0","1","Tape & Reel (TR),Cut Tape (CT),Digi-Reel®","-","Active","2.754pF @ 28V, 1MHz","15","C1/C28","32 V","Single","-","-55°C ~ 125°C (TJ)","Surface Mount","SC-76, SOD-323","SOD-323"
"https://www.nxp.com/docs/en/data-sheet/BB173.pdf","//media.digikey.com/renders/NXP%20Semi%20Renders/SOD-523%20(1-1G1A,%20SC-79).jpg","568-12522-2-ND,568-12522-1-ND,568-12522-6-ND","BB173X","NXP USA Inc.","NXP USA Inc.","DIODE VHF VAR CAP 32V SOD523","4,562","0.69","0","1","Tape & Reel (TR),Cut Tape (CT),Digi-Reel®","-","Active","2.754pF @ 28V, 1MHz","15","C1/C28","32 V","Single","-","-55°C ~ 125°C (TJ)","Surface Mount","SC-79, SOD-523","SOD-523"
"http://cdn.macom.com/datasheets/MA46%20Series.pdf","//media.digikey.com/Photos/MACom%20Technology%20Solutions/1056.JPG","1465-1013-ND","MA46H202-1056","MACOM Technology Solutions","MACOM Technology Solutions","DIODE VARACTOR DUAL GAAS","109","30.5599","0","100","Bulk","-","Active","3.3pF @ 4V, 1MHz","5.6","C2/C20","22 V","Single","2000 @ 4V, 50MHz","-65°C ~ 150°C (TJ)","Surface Mount","2-SMD","-"
"https://toshiba.semicon-storage.com/info/docget.jsp?did=2830&prodName=1SV305","//media.digikey.com/Renders/Toshiba%20Renders/SC-79,%20SOD-523.jpg","264-1SV305L3FTR-ND,264-1SV305L3FCT-ND,264-1SV305L3FDKR-ND","1SV305,L3F","Toshiba Semiconductor and Storage","Toshiba Semiconductor and Storage","DIODE VARACTOR 10V ESC","39,817","0.62","0","1","Tape & Reel (TR),Cut Tape (CT),Digi-Reel®","-","Active","6.6pF @ 4V, 1MHz","3","C1/C4","10 V","Single","-","125°C (TJ)","Surface Mount","SC-79, SOD-523","ESC"
"https://rocelec.widen.net/view/pdf/nomeeky3jb/INFNS15711-1.pdf?t.download=true&u=5oefqw","//media.digikey.com/Photos/Rochester/MFG_BZB84-B20215.jpg","BB844E6327HTSA1TR-ND,448-BB844E6327HTSA1CT-ND,448-BB844E6327HTSA1DKR-ND","BB844E6327HTSA1","Infineon Technologies","Infineon Technologies","DIODE VARACTOR 18V DUAL SOT23-3","10,783","0.56","0","1","Tape & Reel (TR),Cut Tape (CT),Digi-Reel®","-","Active","13pF @ 8V, 1MHz","3.8","C2/C8","18 V","1 Pair Common Cathode","-","-55°C ~ 150°C (TJ)","Surface Mount","TO-236-3, SC-59, SOT-23-3","SOT-23-3"
"https://rocelec.widen.net/view/pdf/5jzt00yya4/INFNS15712-1.pdf?t.download=true&u=5oefqw","//media.digikey.com/Photos/Rochester/MFG_BZB84-B20215.jpg","BB914E6327HTSA1TR-ND,448-BB914E6327HTSA1CT-ND,448-BB914E6327HTSA1DKR-ND","BB914E6327HTSA1","Infineon Technologies","Infineon Technologies","DIODE VARACTOR 18V DUAL SOT23-3","4,614","0.68","0","1","Tape & Reel (TR),Cut Tape (CT),Digi-Reel®","-","Active","19.75pF @ 8V, 1MHz","2.42","C2/C8","18 V","1 Pair Common Cathode","-","-55°C ~ 125°C (TJ)","Surface Mount","TO-236-3, SC-59, SOT-23-3","SOT-23-3"
"https://rocelec.widen.net/view/pdf/9q2e7vhxo4/INFNS15715-1.pdf?t.download=true&u=5oefqw","//media.digikey.com/Photos/Rochester/MFG_PMEG2015EA115.jpg","BBY5303WE6327HTSA1TR-ND,448-BBY5303WE6327HTSA1CT-ND,448-BBY5303WE6327HTSA1DKR-ND","BBY5303WE6327HTSA1","Infineon Technologies","Infineon Technologies","DIODE VARACTOR 6V SGL SOD323-2","6,000","0.76","0","1","Tape & Reel (TR),Cut Tape (CT),Digi-Reel®","-","Active","3.1pF @ 3V, 1MHz","2.6","C1/C3","6 V","Single","-","-55°C ~ 125°C (TJ)","Surface Mount","SC-76, SOD-323","PG-SOD323-2"
"https://www.skyworksinc.com:443/404-ErrorPage?item=%2fuploads%2fdocuments%2fsmv121x_series_200057t&user=extranet%5cAnonymous&site=SkyworksInc","//media.digikey.com/Renders/Skyworks%20Solutions%20Renders/863;SC79;;2.jpg","863-1708-2-ND,863-1708-1-ND,863-1708-6-ND","SMV1213-079LF","Skyworks Solutions Inc.","Skyworks Solutions Inc.","DIODE VARACTOR","3,000","1.1","0","1","Tape & Reel (TR),Cut Tape (CT),Digi-Reel®","-","Active","5.5pF @ 4V, 50MHz","5","C1/C4","12 V","Single","-","-55°C ~ 125°C (TJ)","Surface Mount","SC-79, SOD-523","SC-79"
"//media.digikey.com/pdf/Data%20Sheets/Skyworks%20PDFs/SMV1247-55_Series_9-12-19.pdf","//media.digikey.com/Renders/Skyworks%20Solutions%20Renders/863;SC79;;2.jpg","863-1137-2-ND,863-1137-1-ND,863-1137-6-ND","SMV1249-079LF","Skyworks Solutions Inc.","Skyworks Solutions Inc.","DIODE VARACTOR 15V 20MA SC-79","53,339","1.15","0","1","Tape & Reel (TR),Cut Tape (CT),Digi-Reel®","-","Active","2.8pF @ 4.7V, 50MHz","12.1","C0.3/C4.7","15 V","Single","600 @ 3V, 50MHz","-55°C ~ 125°C (TJ)","Surface Mount","SC-79, SOD-523","SC-79"
"https://www.skyworksinc.com:443/search?q=smv1129_079lf_200054l#documents","//media.digikey.com/Renders/Skyworks%20Solutions%20Renders/863;SC79;;2.jpg","863-1703-2-ND,863-1703-1-ND,863-1703-6-ND","SMV1129-079LF","Skyworks Solutions Inc.","Skyworks Solutions Inc.","VARACTOR JUNCTION TUNING","3,000","1.36","0","1","Tape & Reel (TR),Cut Tape (CT),Digi-Reel®","-","Active","-","2.5","C1/C6","12 V","Single","-","-55°C ~ 125°C (TJ)","Surface Mount","SC-79, SOD-523","SC-79"
"-","//media.digikey.com/Photos/MACom Technology Solutions/MFG_MADP-007448-0287FT.jpg","1465-MAVR-000082-0287ATCT-ND,1465-MAVR-000082-0287ATDKR-ND,1465-MAVR-000082-0287ATTR-ND","MAVR-000082-0287AT","MACOM Technology Solutions","MACOM Technology Solutions","VARACTOR, PLASTIC, LEAD-FREE, SO","3,000","2.15","0","1","Cut Tape (CT),Digi-Reel®,Tray","-","Active","1.8pF @ 8V, 1MHz","8.2","C1/C8","12 V","Single","350 @ 4V, 50MHz","-65°C ~ 125°C","Surface Mount","TO-236-3, SC-59, SOT-23-3","SOT-23"
"-","//media.digikey.com/Photos/MACom Technology Solutions/MFG_MADP-007448-0287FT.jpg","1465-MAVR-045441-0287ATCT-ND,1465-MAVR-045441-0287ATDKR-ND,1465-MAVR-045441-0287ATTR-ND","MAVR-045441-0287AT","MACOM Technology Solutions","MACOM Technology Solutions","LEAD-FREE,VARACTOR,ABRUPT,SINGLE","3,000","2.15","0","1","Cut Tape (CT),Digi-Reel®,Tray","-","Active","13.2pF @ 4V, 1MHz","4.6","C0/C30","30 V","Single","1200 @ 4V, 1MHz","-55°C ~ 125°C","Surface Mount","TO-236-3, SC-59, SOT-23-3","SOT-23"
"-","//media.digikey.com/Photos/MACom Technology Solutions/MFG_MAVR-001320-11410T.jpg","1465-MAVR-000250-11410TCT-ND,1465-MAVR-000250-11410TDKR-ND,1465-MAVR-000250-11410TTR-ND","MAVR-000250-11410T","MACOM Technology Solutions","MACOM Technology Solutions","DIODE,VARACTOR,PB-FREE MA4ST250","3,000","2.15","0","1","Cut Tape (CT),Digi-Reel®,Tray","-","Active","1.8pF @ 4V, 1MHz","3.5","C0.5/C4","12 V","Single","450 @ 2V, 50MHz","-55°C ~ 125°C","Surface Mount","SC-76, SOD-323","SOD-323"
"-","//media.digikey.com/Photos/MACom Technology Solutions/MFG_MAVR-001320-11410T.jpg","1465-MA4ST1241-1141TCT-ND,1465-MA4ST1241-1141TDKR-ND,1465-MA4ST1241-1141TTR-ND","MA4ST1241-1141T","MACOM Technology Solutions","MACOM Technology Solutions","DIODE,VARACTOR,SI PLASTIC PB-FRE","3,000","2.15","0","1","Cut Tape (CT),Digi-Reel®,Tray","-","Active","2.05pF @ 4V, 1MHz","3.46","C0.5/C4","12 V","Single","-","-55°C ~ 125°C","Surface Mount","SC-76, SOD-323","SOD-323"
"-","//media.digikey.com/Photos/MACom Technology Solutions/MFG_MAVR-001320-11410T.jpg","1465-MAVR-000240-11410TCT-ND,1465-MAVR-000240-11410TDKR-ND,1465-MAVR-000240-11410TTR-ND","MAVR-000240-11410T","MACOM Technology Solutions","MACOM Technology Solutions","VARACTOR,LEAD-FREE,PLASTIC","3,000","2.15","0","1","Cut Tape (CT),Digi-Reel®,Tray","-","Active","2.3pF @ 4V, 1MHz","3.5","C0.5/C4","12 V","Single","450 @ 2V, 50MHz","-55°C ~ 125°C","Surface Mount","SC-76, SOD-323","SOD-323"
"-","//media.digikey.com/Photos/MACom Technology Solutions/MFG_MAVR-001320-11410T.jpg","1465-MAVR-001320-11410TCT-ND,1465-MAVR-001320-11410TDKR-ND,1465-MAVR-001320-11410TTR-ND","MAVR-001320-11410T","MACOM Technology Solutions","MACOM Technology Solutions","DIODE,VARACTOR,PB-FREE MA4ST1320","3,000","2.15","0","1","Cut Tape (CT),Digi-Reel®,Tray","-","Active","17pF @ 4V, 1MHz","3.37","C0.5/C3","12 V","Single","-","-55°C ~ 125°C","Surface Mount","SC-76, SOD-323","SOD-323"
"https://cdn.macom.com/datasheets/MA4ST1200_Series.pdf","//media.digikey.com/Renders/MACom%20Technology%20Solutions/1465~SC70-3~~3.jpg","1465-MA4ST1241CK-1146TTR-ND,1465-MA4ST1241CK-1146TCT-ND,1465-MA4ST1241CK-1146TDKR-ND","MA4ST1241CK-1146T","MACOM Technology Solutions","MACOM Technology Solutions","DIODE,VARACTOR,SI PLASTIC PB-FRE","6,000","2.2","0","1","Tape & Reel (TR),Cut Tape (CT),Digi-Reel®","MA4ST1200","Active","2.05pF @ 4V, 1MHz","3.46","C0.5/C4","12 V","Single","-","-55°C ~ 125°C","Surface Mount","SC-70, SOT-323","SC-70-3"
"-","//media.digikey.com/Photos/MACom Technology Solutions/MFG_MADP-007448-0287FT.jpg","1465-MAVR-000250-0287FTCT-ND,1465-MAVR-000250-0287FTDKR-ND,1465-MAVR-000250-0287FTTR-ND","MAVR-000250-0287FT","MACOM Technology Solutions","MACOM Technology Solutions","VARCATOR,SOT23,CK,PLASTIC,T/R,LE","3,000","2.08","0","1","Cut Tape (CT),Digi-Reel®,Tray","-","Active","1.8pF @ 4V, 1MHz","3.5","C0.5/C4","12 V","Single","450 @ 2V, 50MHz","-55°C ~ 125°C","Surface Mount","TO-236-3, SC-59, SOT-23-3","SOT-23"
"-","//media.digikey.com/Renders/MACom%20Technology%20Solutions/1465~SC70-3~~3.jpg","1465-MAVR-001320-1146FTCT-ND,1465-MAVR-001320-1146FTDKR-ND,1465-MAVR-001320-1146FTTR-ND","MAVR-001320-1146FT","MACOM Technology Solutions","MACOM Technology Solutions","DIODE,VARACTOR,DUAL,PLASTIC","3,000","2.08","0","1","Cut Tape (CT),Digi-Reel®,Tray","-","Active","17pF @ 4V, 1MHz","3.37","C0.5/C3","12 V","1 Pair Common Cathode","-","-55°C ~ 125°C","Surface Mount","SC-70, SOT-323","SC-70-3"
"https://cdn.macom.com/datasheets/MAVR-0454xx%20Series.pdf","//media.digikey.com/Photos/MACom Technology Solutions/MFG_MADP-007448-0287FT.jpg","1465-MAVR-045436-1146FTTR-ND,1465-MAVR-045436-1146FTCT-ND,1465-MAVR-045436-1146FTDKR-ND","MAVR-045436-1146FT","MACOM Technology Solutions","MACOM Technology Solutions","VARACTOR,ABRUPT,CK,PLASTIC","5,987","2.12","0","1","Tape & Reel (TR),Cut Tape (CT),Digi-Reel®","MAVR-0454xx","Active","5.17pF @ 4V, 1MHz","4.5","C0/C30","30 V","Single","1800 @ 4V, 50MHz","-55°C ~ 125°C","Surface Mount","TO-236-3, SC-59, SOT-23-3","SOT-23"
"https://cdn.macom.com/datasheets/MAVR-0454xx%20Series.pdf","//media.digikey.com/Photos/MACom Technology Solutions/MFG_MADP-007448-0287FT.jpg","1465-MAVR-045448-0287ATTR-ND,1465-MAVR-045448-0287ATCT-ND,1465-MAVR-045448-0287ATDKR-ND","MAVR-045448-0287AT","MACOM Technology Solutions","MACOM Technology Solutions","DIODE,VARACTOR,ABRUPT,SINGLE,PLA","5,255","2.32","0","1","Tape & Reel (TR),Cut Tape (CT),Digi-Reel®","MAVR-0454xx","Active","36.3pF @ 4V, 1MHz","4.7","C0/C30","30 V","Single","750 @ 4V, 50MHz","-55°C ~ 125°C","Surface Mount","TO-236-3, SC-59, SOT-23-3","SOT-23"
"-","//media.digikey.com/Photos/MACom Technology Solutions/MFG_MADP-007448-0287FT.jpg","1465-MAVR-000083-0287FTCT-ND,1465-MAVR-000083-0287FTDKR-ND,1465-MAVR-000083-0287FTTR-ND","MAVR-000083-0287FT","MACOM Technology Solutions","MACOM Technology Solutions","VARACTOR,HYPER-ABRUPT,DUAL,LEAD-","3,000","2.32","0","1","Cut Tape (CT),Digi-Reel®,Tray","-","Active","7.9pF @ 1V, 1MHz","7.8","C1/C8","12 V","Single","450 @ 4V, 50MHz","-65°C ~ 125°C","Surface Mount","TO-236-3, SC-59, SOT-23-3","SOT-23"
"-","//media.digikey.com/Photos/MACom Technology Solutions/MFG_MADP-007448-0287FT.jpg","1465-MAVR-045440-0287FTCT-ND,1465-MAVR-045440-0287FTDKR-ND,1465-MAVR-045440-0287FTTR-ND","MAVR-045440-0287FT","MACOM Technology Solutions","MACOM Technology Solutions","LEAD FREE VARACTOR,PLASTIC,SOT-2","3,000","3","0","1","Cut Tape (CT),Digi-Reel®,Tray","-","Active","11pF @ 4V, 1MHz","4.5","C0/C30","30 V","1 Pair Common Cathode","1300 @ 4V, 1MHz","-55°C ~ 125°C","Surface Mount","TO-236-3, SC-59, SOT-23-3","SOT-23"
"https://www.microsemi.com/document-portal/doc_download/8792-kvx2000-kvx3000-23-datasheet","//media.digikey.com/Renders/Microchip%20Tech%20Renders/150;SOT23-3;;3.jpg","150-KVX2001-23-0-ND","KVX2001-23-0","Microchip Technology","Microchip Technology","SI TVAR NON HERMETIC PLASTIC SMT","309","3.11","0","1","Bulk","-","Active","22pF @ 4V, 1MHz","-","-","22 V","Single","160 @ 4V, 50MHz","-55°C ~ 125°C","Surface Mount","TO-236-3, SC-59, SOT-23-3","SOT-23"
"-","-","150-MPV2100-206-ND","MPV2100-206","Microchip Technology","Microchip Technology","SI TVAR NON HERMETIC MMSM","254","3.83","0","1","Bulk","MPV","Active","1.5pF @ 4V, 1MHz","10","-","22 V","Single","1500 @ 4V, 50MHz","-55°C ~ 125°C","Surface Mount","0402 (1005 Metric)","0402"
"https://www.microsemi.com/document-portal/doc_download/8792-kvx2000-kvx3000-23-datasheet","//media.digikey.com/Renders/Microchip%20Tech%20Renders/150;SOT23-3;;3.jpg","150-KVX2122-23-0-ND","KVX2122-23-0","Microchip Technology","Microchip Technology","SI TVAR NON HERMETIC PLASTIC SMT","232","4.18","0","1","Bulk","-","Active","2.7pF @ 0V, 1MHz","-","-","22 V","Single","1000 @ 4V, 50MHz","-55°C ~ 125°C","Surface Mount","TO-236-3, SC-59, SOT-23-3","SOT-23"
"-","-","150-MPV1965-206TR-ND,150-MPV1965-206CT-ND,150-MPV1965-206DKR-ND","MPV1965-206","Microchip Technology","Microchip Technology","SI TVAR NON HERMETIC MMSM","231","Active","0","0","Tape & Reel (TR),Cut Tape (CT),Digi-Reel®","MPV","Active","3.8pF @ 1V, 1MHz","3.6","C1/C6","15 V","Single","1500 @ 4V, 50MHz","-55°C ~ 125°C","Surface Mount","0402 (1005 Metric)","0402"
"https://www.microsemi.com/document-portal/doc_download/8792-kvx2000-kvx3000-23-datasheet","//media.digikey.com/Renders/Microchip%20Tech%20Renders/150;SOT23-3;;3.jpg","150-KVX3901A-23-0-ND","KVX3901A-23-0","Microchip Technology","Microchip Technology","SI TVAR NON HERMETIC PLASTIC SMT","187","5.19","0","1","Bulk","-","Active","32pF @ 3V, 1MHz","-","-","27 V","Single","500 @ 4V, 50MHz","-55°C ~ 125°C","Surface Mount","TO-236-3, SC-59, SOT-23-3","SOT-23"
"https://www.microsemi.com/document-portal/doc_download/8722-gcx1200-series-datasheet","//media.digikey.com/Renders/Microchip%20Tech%20Renders/150;SOT23-3;;3.jpg","150-GCX1204-23-0-ND","GCX1204-23-0","Microchip Technology","Microchip Technology","SI TVAR NON HERMETIC PLASTIC SMT","175","5.58","0","1","Bulk","GCX1204","Active","1.8pF @ 4V, 1MHz","3.5","C0/C30","30 V","Single","3000 @ 4V, 50MHz","-55°C ~ 125°C","Surface Mount","TO-236-3, SC-59, SOT-23-3","SOT-23"
