Datasheet,Image,DK Part #,Mfr Part #,Mfr,Supplier,Description,Stock,Price,@ qty,Min Qty,Package,Series,"Part Status","Type","Circuit","Independent Circuits","Current - Output High, Low","Voltage Supply Source","Voltage - Supply","Operating Temperature","Mounting Type","Package / Case","Supplier Device Package"
"https://rocelec.widen.net/view/pdf/vofi2gqhe0/ONSM-S-A0003676314-1.pdf?t.download=true&u=5oefqw","//media.digikey.com/Renders/~~Pkg.Case%20or%20Series/SOT-363%20PKG.jpg","NC7SZ157P6XTR-ND,NC7SZ157P6XCT-ND,NC7SZ157P6XDKR-ND","NC7SZ157P6X","ON Semiconductor","ON Semiconductor","IC MULTIPLEXER 1 X 2:1 SC88","49,651","0.65","0","1","Tape & Reel (TR),Cut Tape (CT),Digi-Reel®","7SZ","Active","Multiplexer","1 x 2:1","1","32mA, 32mA","Single Supply","1.65V ~ 5.5V","-40°C ~ 85°C","Surface Mount","6-TSSOP, SC-88, SOT-363","SC-88 (SC-70-6)"
"http://www.onsemi.com/pub/Collateral/74FST3257-D.PDF","//media.digikey.com/Renders/~~Pkg.Case%20or%20Series/16-TSSOP.jpg","74FST3257DTR2GOSTR-ND,74FST3257DTR2GOSCT-ND,74FST3257DTR2GOSDKR-ND","74FST3257DTR2G","ON Semiconductor","ON Semiconductor","IC MUX/DEMUX 4 X 2:1 16TSSOP","14,900","0.67","0","1","Tape & Reel (TR),Cut Tape (CT),Digi-Reel®","74FST","Active","Multiplexer/Demultiplexer","4 x 2:1","1","-","Single Supply","4V ~ 5.5V","-40°C ~ 85°C","Surface Mount","16-TSSOP (0.173"", 4.40mm Width)","16-TSSOP"
"https://assets.nexperia.com/documents/data-sheet/74CBTLV3257.pdf","//media.digikey.com/Photos/NXP%20Semi%20Photos/MFG_SOT403.jpg","1727-4410-2-ND,1727-4410-1-ND,1727-4410-6-ND","74CBTLV3257PW,118","Nexperia USA Inc.","Nexperia USA Inc.","IC MUX/DEMUX 4 X 1:2 16TSSOP","44,625","0.71","0","1","Tape & Reel (TR),Cut Tape (CT),Digi-Reel®","74CBTLV","Active","Multiplexer/Demultiplexer","4 x 1:2","4","-","Single Supply","2.3V ~ 3.6V","-40°C ~ 125°C (TA)","Surface Mount","16-TSSOP (0.173"", 4.40mm Width)","16-TSSOP"
"http://www.ti.com/general/docs/suppproductinfo.tsp?distId=10&gotoUrl=http%3A%2F%2Fwww.ti.com%2Flit%2Fgpn%2Fsn74cbtlv1g125","//media.digikey.com/Renders/Texas%20Instr%20Renders/296~4073253-4~DBV~5.JPG","296-9109-2-ND,296-9109-1-ND,296-9109-6-ND","SN74CBTLV1G125DBVR","Texas Instruments","Texas Instruments","IC BUS SWITCH 1 X 1:1 SOT23-5","12,198","0.87","0","1","Tape & Reel (TR),Cut Tape (CT),Digi-Reel®","74CBTLV","Active","Bus Switch","1 x 1:1","1","-","Single Supply","2.3V ~ 3.6V","-40°C ~ 85°C","Surface Mount","SC-74A, SOT-753","SOT-23-5"
"http://www.ti.com/general/docs/suppproductinfo.tsp?distId=10&gotoUrl=http%3A%2F%2Fwww.ti.com%2Flit%2Fgpn%2Fsn74cbtlv3126","//media.digikey.com/Renders/Texas%20Instr%20Renders/296~4040064-3~PW~14.jpg","296-9118-2-ND,296-9118-1-ND,296-9118-6-ND","SN74CBTLV3126PWR","Texas Instruments","Texas Instruments","IC BUS SWITCH 1 X 1:1 14TSSOP","303","0.93","0","1","Tape & Reel (TR),Cut Tape (CT),Digi-Reel®","74CBTLV","Active","Bus Switch","1 x 1:1","4","-","Single Supply","2.3V ~ 3.6V","-40°C ~ 85°C","Surface Mount","14-TSSOP (0.173"", 4.40mm Width)","14-TSSOP"
"http://www.ti.com/general/docs/suppproductinfo.tsp?distId=10&gotoUrl=http%3A%2F%2Fwww.ti.com%2Flit%2Fgpn%2Fsn74cb3q3251","//media.digikey.com/Renders/Texas%20Instr%20Renders/16-TSSOP.jpg","296-18204-2-ND,296-18204-1-ND,296-18204-6-ND","SN74CB3Q3251PWR","Texas Instruments","Texas Instruments","IC MUX/DEMUX 1 X 8:1 16TSSOP","10,007","0.98","0","1","Tape & Reel (TR),Cut Tape (CT),Digi-Reel®","74CB","Active","Multiplexer/Demultiplexer","1 x 8:1","1","-","Single Supply","2.3V ~ 3.6V","-40°C ~ 85°C","Surface Mount","16-TSSOP (0.173"", 4.40mm Width)","16-TSSOP"
"http://www.ti.com/general/docs/suppproductinfo.tsp?distId=10&gotoUrl=http%3A%2F%2Fwww.ti.com%2Flit%2Fgpn%2Fsn74lvc1g139","//media.digikey.com/Renders/Texas%20Instr%20Renders/8-LSSOP.jpg","296-18235-2-ND,296-18235-1-ND,296-18235-6-ND","SN74LVC1G139DCTR","Texas Instruments","Texas Instruments","IC DECODER/DEMUX 1 X 2:4 SM8","2,474","0.98","0","1","Tape & Reel (TR),Cut Tape (CT),Digi-Reel®","74LVC","Active","Decoder/Demultiplexer","1 x 2:4","1","32mA, 32mA","Single Supply","1.65V ~ 5.5V","-40°C ~ 85°C","Surface Mount","8-LSSOP, 8-MSOP (0.110"", 2.80mm Width)","SM8 (SSOP)"
"http://www.ti.com/general/docs/suppproductinfo.tsp?distId=10&gotoUrl=http%3A%2F%2Fwww.ti.com%2Flit%2Fgpn%2Fsn74cb3q3306a","//media.digikey.com/Renders/Texas%20Instr%20Renders/296~4040064-2~PW~8.JPG","296-15102-2-ND,296-15102-1-ND,296-15102-6-ND","SN74CB3Q3306APWR","Texas Instruments","Texas Instruments","IC BUS SWITCH 1 X 1:1 8TSSOP","32,534","1.2","0","1","Tape & Reel (TR),Cut Tape (CT),Digi-Reel®","74CB","Active","Bus Switch","1 x 1:1","2","-","Single Supply","2.3V ~ 3.6V","-40°C ~ 85°C","Surface Mount","8-TSSOP (0.173"", 4.40mm Width)","8-TSSOP"
"https://www.diodes.com/assets/Datasheets/PI3C3305-3306.pdf","//media.digikey.com/Renders/Diodes%20Renders/31;-PD-1261;-U;-8-Top-View.jpg","PI3C3306UEXTR-ND,PI3C3306UEXCT-ND,PI3C3306UEXDKR-ND","PI3C3306UEX","Diodes Incorporated","Diodes Incorporated","IC BUS SWITCH 1 X 1:1 8MSOP","78,509","1.16","0","1","Tape & Reel (TR),Cut Tape (CT),Digi-Reel®","-","Active","Bus Switch","1 x 1:1","2","-","Single Supply","2.3V ~ 3.6V","-40°C ~ 85°C","Surface Mount","8-TSSOP, 8-MSOP (0.118"", 3.00mm Width)","8-MSOP"
"http://www.ti.com/general/docs/suppproductinfo.tsp?distId=10&gotoUrl=http%3A%2F%2Fwww.ti.com%2Flit%2Fgpn%2Fsn74cbtlv3126","//media.digikey.com/Renders/Texas%20Instr%20Renders/296~4203539-2~RGY~14.jpg","296-15104-2-ND,296-15104-1-ND,296-15104-6-ND","SN74CBTLV3126RGYR","Texas Instruments","Texas Instruments","IC BUS SWITCH 1 X 1:1 14VQFN","9,208","1.26","0","1","Tape & Reel (TR),Cut Tape (CT),Digi-Reel®","74CBTLV","Active","Bus Switch","1 x 1:1","4","-","Single Supply","2.3V ~ 3.6V","-40°C ~ 85°C","Surface Mount","14-VFQFN Exposed Pad","14-VQFN (3.5x3.5)"
"https://www.idt.com/document/dst/qs3vh257-datasheet","//media.digikey.com/Renders/~~Pkg.Case%20or%20Series/16-SSOP.jpg","800-1767-2-ND,800-1767-1-ND,800-1767-6-ND","QS3VH257QG8","Renesas Electronics America Inc","Renesas Electronics America Inc","IC BUS SWITCH 4 X 2:1 16QSOP","28,260","1.26","0","1","Tape & Reel (TR),Cut Tape (CT),Digi-Reel®","3VH","Active","Bus Switch","4 x 2:1","1","-","Single Supply","2.3V ~ 3.6V","-40°C ~ 85°C","Surface Mount","16-SSOP (0.154"", 3.90mm Width)","16-QSOP"
"https://www.idt.com/document/dst/qs3861-datasheet","//media.digikey.com/Renders/IDT,%20Integrated%20Device%20Technology%20Renders/800;PCG24%20QG,F;24.jpg","800-1748-2-ND,800-1748-1-ND,800-1748-6-ND","QS3861QG8","Renesas Electronics America Inc","Renesas Electronics America Inc","IC BUS SWITCH 10 X 1:1 24QSOP","13,086","1.26","0","1","Tape & Reel (TR),Cut Tape (CT),Digi-Reel®","-","Active","Bus Switch","10 x 1:1","1","-","Single Supply","4.75V ~ 5.25V","-40°C ~ 85°C","Surface Mount","24-SSOP (0.154"", 3.90mm Width)","24-QSOP"
"https://www.ti.com/lit/ds/scds124b/scds124b.pdf","//media.digikey.com/Renders/Texas%20Instr%20Renders/RGY-20-PVQFN%20Pkg.jpg","296-19131-2-ND,296-19131-1-ND,296-19131-6-ND","SN74CB3Q3245RGYR","Texas Instruments","Texas Instruments","IC BUS SWITCH 8 X 1:1 20VQFN","8,974","1.32","0","1","Tape & Reel (TR),Cut Tape (CT),Digi-Reel®","74CB","Active","Bus Switch","8 x 1:1","1","-","Single Supply","2.3V ~ 3.6V","-40°C ~ 85°C","Surface Mount","20-VFQFN Exposed Pad","20-VQFN (3.5x4.5)"
"https://www.idt.com/document/dst/qs3861-datasheet","//media.digikey.com/Renders/~~Pkg.Case%20or%20Series/24-TSSOP.jpg","800-1747-2-ND,800-1747-1-ND,800-1747-6-ND","QS3861PAG8","Renesas Electronics America Inc","Renesas Electronics America Inc","IC BUS SWITCH 10 X 1:1 24TSSOP","5,707","1.37","0","1","Tape & Reel (TR),Cut Tape (CT),Digi-Reel®","-","Active","Bus Switch","10 x 1:1","1","-","Single Supply","4.75V ~ 5.25V","-40°C ~ 85°C","Surface Mount","24-TSSOP (0.173"", 4.40mm Width)","24-TSSOP"
"http://www.ti.com/general/docs/suppproductinfo.tsp?distId=10&gotoUrl=http%3A%2F%2Fwww.ti.com%2Flit%2Fgpn%2Fsn74cb3t1g125","//media.digikey.com/Renders/Texas%20Instr%20Renders/296~4073253-4~DBV~5.JPG","296-19150-2-ND,296-19150-1-ND,296-19150-6-ND","SN74CB3T1G125DBVR","Texas Instruments","Texas Instruments","IC BUS SWITCH 1 X 1:1 SOT23-5","693","1.32","0","1","Tape & Reel (TR),Cut Tape (CT),Digi-Reel®","74CB","Active","Bus Switch","1 x 1:1","1","-","Single Supply","2.3V ~ 3.6V","-40°C ~ 85°C","Surface Mount","SC-74A, SOT-753","SOT-23-5"
"https://www.idt.com/document/dst/qs3vh126-datasheet","//media.digikey.com/Renders/~~Pkg.Case%20or%20Series/16-SSOP.jpg","800-1752-2-ND,800-1752-1-ND,800-1752-6-ND","QS3VH126QG8","Renesas Electronics America Inc","Renesas Electronics America Inc","IC BUS SWITCH 1 X 4:1 16QSOP","14,162","1.42","0","1","Tape & Reel (TR),Cut Tape (CT),Digi-Reel®","3VH","Active","Bus Switch","1 x 4:1","1","-","Single Supply","2.3V ~ 3.6V","-40°C ~ 85°C","Surface Mount","16-SSOP (0.154"", 3.90mm Width)","16-QSOP"
"http://www.ti.com/general/docs/suppproductinfo.tsp?distId=10&gotoUrl=http%3A%2F%2Fwww.ti.com%2Flit%2Fgpn%2Fsn74cb3q3257","//media.digikey.com/Renders/Texas%20Instr%20Renders/16-TSSOP.jpg","296-19138-2-ND,296-19138-1-ND,296-19138-6-ND","SN74CB3Q3257PWR","Texas Instruments","Texas Instruments","IC MUX/DEMUX 4 X 2:1 16TSSOP","1,403","1.46","0","1","Tape & Reel (TR),Cut Tape (CT),Digi-Reel®","74CB","Active","Multiplexer/Demultiplexer","4 x 2:1","1","-","Single Supply","2.3V ~ 3.6V","-40°C ~ 85°C","Surface Mount","16-TSSOP (0.173"", 4.40mm Width)","16-TSSOP"
"http://www.ti.com/general/docs/suppproductinfo.tsp?distId=10&gotoUrl=http%3A%2F%2Fwww.ti.com%2Flit%2Fgpn%2Fsn74cb3q3257","//media.digikey.com/Renders/Texas%20Instr%20Renders/16-VQFN,RGY%20%28exposed%20pad%29.JPG","296-16834-2-ND,296-16834-1-ND,296-16834-6-ND","SN74CB3Q3257RGYR","Texas Instruments","Texas Instruments","IC MUX/DEMUX 4 X 2:1 16VQFN","9,584","1.62","0","1","Tape & Reel (TR),Cut Tape (CT),Digi-Reel®","74CB","Active","Multiplexer/Demultiplexer","4 x 2:1","1","-","Single Supply","2.3V ~ 3.6V","-40°C ~ 85°C","Surface Mount","16-VFQFN Exposed Pad","16-VQFN (4x4)"
"https://assets.nexperia.com/documents/data-sheet/74HC_HCT154.pdf","//media.digikey.com/Renders/~~Pkg.Case%20or%20Series/24-TSSOP.jpg","1727-5944-2-ND,1727-5944-1-ND,1727-5944-6-ND","74HC154PW,118","Nexperia USA Inc.","Nexperia USA Inc.","IC DECODER/DEMUX 1X4:16 24TSSOP","2,186","1.52","0","1","Tape & Reel (TR),Cut Tape (CT),Digi-Reel®","74HC","Active","Decoder/Demultiplexer","1 x 4:16","1","5.2mA, 5.2mA","Single Supply","2V ~ 6V","-40°C ~ 125°C","Surface Mount","24-TSSOP (0.173"", 4.40mm Width)","24-TSSOP"
"https://assets.nexperia.com/documents/data-sheet/74HC_HCT154.pdf","//media.digikey.com/Renders/~~Pkg.Case%20or%20Series/24-TSSOP.jpg","1727-6430-ND","74HC154PW,112","Nexperia USA Inc.","Nexperia USA Inc.","IC DECODER/DEMUX 1X4:16 24TSSOP","1,465","1.75","0","1","Tube","74HC","Active","Decoder/Demultiplexer","1 x 4:16","1","5.2mA, 5.2mA","Single Supply","2V ~ 6V","-40°C ~ 125°C","Surface Mount","24-TSSOP (0.173"", 4.40mm Width)","24-TSSOP"
"https://www.renesas.com/us/en/document/dst/74cbtlv3257-datasheet","//media.digikey.com/Renders/IDT,%20Integrated%20Device%20Technology%20Renders/800;PGG16;EJ,G,PGG;16.jpg","800-2588-2-ND,800-2588-1-ND,800-2588-6-ND","74CBTLV3257PGG8","Renesas Electronics America Inc","Renesas Electronics America Inc","IC MUX/DEMUX 4 X 1:2 16TSSOP","2,166","1.66","0","1","Tape & Reel (TR),Cut Tape (CT),Digi-Reel®","74CBTLV","Active","Multiplexer/Demultiplexer","4 x 1:2","4","-","Single Supply","2.3V ~ 3.6V","-40°C ~ 85°C (TA)","Surface Mount","16-TSSOP (0.173"", 4.40mm Width)","16-TSSOP"
"http://www.ti.com/general/docs/suppproductinfo.tsp?distId=10&gotoUrl=http%3A%2F%2Fwww.ti.com%2Flit%2Fgpn%2Fsn74cb3t3257","//media.digikey.com/Renders/Texas%20Instr%20Renders/16-TSSOP.jpg","296-17850-2-ND,296-17850-1-ND,296-17850-6-ND","SN74CB3T3257PWR","Texas Instruments","Texas Instruments","IC MUX/DEMUX 4 X 2:1 16TSSOP","3,459","2.37","0","1","Tape & Reel (TR),Cut Tape (CT),Digi-Reel®","74CB","Active","Multiplexer/Demultiplexer","4 x 2:1","1","-","Single Supply","2.3V ~ 3.6V","-40°C ~ 85°C","Surface Mount","16-TSSOP (0.173"", 4.40mm Width)","16-TSSOP"
"https://www.idt.com/document/dst/qs32x245-datasheet","//media.digikey.com/Photos/IDT,%20Integrated%20Device%20Technology/40-FSOP.JPG","800-3660-2-ND,800-3660-1-ND,800-3660-6-ND","QS32X245Q2G8","Renesas Electronics America Inc","Renesas Electronics America Inc","IC BUS SWITCH 8 X 1:1 40QVSOP","10,641","2.62","0","1","Tape & Reel (TR),Cut Tape (CT),Digi-Reel®","32X","Active","Bus Switch","8 x 1:1","2","-","Single Supply","4.75V ~ 5.25V","-40°C ~ 85°C","Surface Mount","40-FSOP (0.154"", 3.90mm Width)","40-QVSOP"
"https://www.renesas.com/us/en/document/dst/74cbtlv3257-datasheet","//media.digikey.com/Renders/IDT,%20Integrated%20Device%20Technology%20Renders/800;PGG16;EJ,G,PGG;16.jpg","800-1570-5-ND","74CBTLV3257PGG","Renesas Electronics America Inc","Renesas Electronics America Inc","IC MUX/DEMUX 4 X 1:2 16TSSOP","3,209","1.66","0","1","Tube","74CBTLV","Active","Multiplexer/Demultiplexer","4 x 1:2","4","-","Single Supply","2.3V ~ 3.6V","-40°C ~ 85°C (TA)","Surface Mount","16-TSSOP (0.173"", 4.40mm Width)","16-TSSOP"
"http://www.ti.com/general/docs/suppproductinfo.tsp?distId=10&gotoUrl=http%3A%2F%2Fwww.ti.com%2Flit%2Fgpn%2Fsn74cb3t16211","//media.digikey.com/Renders/Texas%20Instr%20Renders/56-TSSOP.jpg","296-16978-2-ND,296-16978-1-ND,296-16978-6-ND","SN74CB3T16211DGGR","Texas Instruments","Texas Instruments","IC BUS SWITCH 12 X 1:1 56TSSOP","3,301","4.17","0","1","Tape & Reel (TR),Cut Tape (CT),Digi-Reel®","74CB","Active","Bus Switch","12 x 1:1","2","-","Single Supply","2.3V ~ 3.6V","-40°C ~ 85°C","Surface Mount","56-TFSOP (0.240"", 6.10mm Width)","56-TSSOP"
"http://www.ti.com/general/docs/suppproductinfo.tsp?distId=10&gotoUrl=http%3A%2F%2Fwww.ti.com%2Flit%2Fgpn%2Fsn74cb3t16210","//media.digikey.com/photos/Texas%20Instr%20Photos/296-48-TVSOP.jpg","296-19148-2-ND,296-19148-1-ND,296-19148-6-ND","SN74CB3T16210DGVR","Texas Instruments","Texas Instruments","IC BUS SWITCH 10 X 1:1 48TVSOP","4,282","4.47","0","1","Tape & Reel (TR),Cut Tape (CT),Digi-Reel®","74CB","Active","Bus Switch","10 x 1:1","2","-","Single Supply","2.3V ~ 3.6V","-40°C ~ 85°C","Surface Mount","48-TFSOP (0.173"", 4.40mm Width)","48-TVSOP"
"http://www.ti.com/general/docs/suppproductinfo.tsp?distId=10&gotoUrl=http%3A%2F%2Fwww.ti.com%2Flit%2Fgpn%2Fsn74cb3t16210","//media.digikey.com/Photos/Texas%20Instr%20Photos/Mfg_296~4040078~DGG~48.jpg","296-19147-2-ND,296-19147-1-ND,296-19147-6-ND","SN74CB3T16210DGGR","Texas Instruments","Texas Instruments","IC BUS SWITCH 10 X 1:1 48TSSOP","3,610","4.63","0","1","Tape & Reel (TR),Cut Tape (CT),Digi-Reel®","74CB","Active","Bus Switch","10 x 1:1","2","-","Single Supply","2.3V ~ 3.6V","-40°C ~ 85°C","Surface Mount","48-TFSOP (0.240"", 6.10mm Width)","48-TSSOP"
"https://www.idt.com/document/dst/qs34x245-datasheet","//media.digikey.com/Photos/IDT,%20Integrated%20Device%20Technology/80-FSOP.jpg","800-1743-5-ND","QS34X245Q3G","Renesas Electronics America Inc","Renesas Electronics America Inc","IC BUS SWITCH 8 X 1:1 80QVSOP","2,548","2.98","0","1","Tube","34X","Active","Bus Switch","8 x 1:1","4","-","Single Supply","4.75V ~ 5.25V","-40°C ~ 85°C","Surface Mount","80-FSOP (0.154"", 3.90mm Width)","80-QVSOP"
"https://www.idt.com/document/dst/qs3vh16233-datasheet","//media.digikey.com/Renders/~~Pkg.Case%20or%20Series/56TFSOP.jpg","800-1868-2-ND,800-1868-1-ND,800-1868-6-ND","QS3VH16233PAG8","Renesas Electronics America Inc","Renesas Electronics America Inc","IC MUX/DEMUX 2 X 16:8 56TSSOP","3,350","6.7","0","1","Tape & Reel (TR),Cut Tape (CT),Digi-Reel®","3VH","Active","Multiplexer/Demultiplexer","2 x 16:8","2","-","Single Supply","2.3V ~ 3.6V","-40°C ~ 85°C","Surface Mount","56-TFSOP (0.240"", 6.10mm Width)","56-TSSOP"
"https://ww1.microchip.com/downloads/en/DeviceDoc/sy89543l.pdf","//media.digikey.com/photos/Micrel%20Photos/576-32-MLF.jpg","SY89543LMG-TR-ND,SY89543LMG-CT-ND,SY89543LMG-DKR-ND","SY89543LMG-TR","Microchip Technology","Microchip Technology","IC MULTIPLEXER 1 X 2:1 32MLF","1,080","7.22","0","1","Tape & Reel (TR),Cut Tape (CT),Digi-Reel®","Precision Edge®","Active","Multiplexer","1 x 2:1","2","-","Single Supply","3V ~ 3.6V","-40°C ~ 85°C","Surface Mount","32-VFQFN Exposed Pad, 32-MLF®","32-MLF® (5x5)"
"http://www.microchip.com/mymicrochip/filehandler.aspx?ddocname=en582960","//media.digikey.com/photos/Micrel%20Photos/576-32-MLF.jpg","SY89544UMG-TR-ND,SY89544UMG-CT-ND,SY89544UMG-DKR-ND","SY89544UMG-TR","Microchip Technology","Microchip Technology","IC MULTIPLEXER 1 X 4:1 32MLF","2,616","8.14","0","1","Tape & Reel (TR),Cut Tape (CT),Digi-Reel®","Precision Edge®","Active","Multiplexer","1 x 4:1","1","-","Single Supply","2.375V ~ 2.625V","-40°C ~ 85°C","Surface Mount","32-VFQFN Exposed Pad, 32-MLF®","32-MLF® (5x5)"
"http://www.ti.com/general/docs/suppproductinfo.tsp?distId=10&gotoUrl=http%3A%2F%2Fwww.ti.com%2Flit%2Fgpn%2Fds25cp152","//media.digikey.com/Renders/National%20Semi%20Renders/Pkg%20SQA16A.jpg","DS25CP152TSQ/NOPBTR-ND,DS25CP152TSQ/NOPBCT-ND,DS25CP152TSQ/NOPBDKR-ND","DS25CP152TSQ/NOPB","Texas Instruments","Texas Instruments","IC CROSSPOINT SW 1 X 2:2 16WQFN","661","12.85","0","1","Tape & Reel (TR),Cut Tape (CT),Digi-Reel®","-","Active","Crosspoint Switch","1 x 2:2","1","-","Single Supply","3V ~ 3.6V","-40°C ~ 85°C","Surface Mount","16-WFQFN Exposed Pad","16-WQFN (4x4)"
"http://www.ti.com/general/docs/suppproductinfo.tsp?distId=10&gotoUrl=http%3A%2F%2Fwww.ti.com%2Flit%2Fgpn%2Fds25cp102","//media.digikey.com/Renders/National%20Semi%20Renders/Pkg%20SQA16A.jpg","DS25CP102TSQ/NOPBTR-ND,DS25CP102TSQ/NOPBCT-ND,DS25CP102TSQ/NOPBDKR-ND","DS25CP102TSQ/NOPB","Texas Instruments","Texas Instruments","IC CROSSPOINT SW 1 X 2:2 16WQFN","2,581","15.09","0","1","Tape & Reel (TR),Cut Tape (CT),Digi-Reel®","-","Active","Crosspoint Switch","1 x 2:2","1","-","Single Supply","3V ~ 3.6V","-40°C ~ 85°C","Surface Mount","16-WFQFN Exposed Pad","16-WQFN (4x4)"
"http://www.ti.com/general/docs/suppproductinfo.tsp?distId=10&gotoUrl=http%3A%2F%2Fwww.ti.com%2Flit%2Fgpn%2Fds10cp154a","//media.digikey.com/Renders/National%20Semi%20Renders/Pkg%20SQA40A.jpg","DS10CP154ATSQ/NOPBTR-ND,DS10CP154ATSQ/NOPBCT-ND,DS10CP154ATSQ/NOPBDKR-ND","DS10CP154ATSQ/NOPB","Texas Instruments","Texas Instruments","IC CROSSPOINT SW 1 X 4:4 40WQFN","411","16.66","0","1","Tape & Reel (TR),Cut Tape (CT),Digi-Reel®","-","Active","Crosspoint Switch","1 x 4:4","1","-","Single Supply","3V ~ 3.6V","-40°C ~ 85°C","Surface Mount","40-WFQFN Exposed Pad","40-WQFN (6x6)"
"http://www.onsemi.com/pub/Collateral/NB6L72-D.PDF","//media.digikey.com/renders/Rohm%20Renders/VQFN016V3030.jpg","NB6L72MNGOS-ND","NB6L72MNG","ON Semiconductor","ON Semiconductor","IC CROSSPOINT SW 1 X 2:2 16QFN","205","19.33","0","1","Tube","-","Active","Crosspoint Switch","1 x 2:2","1","-","Single Supply","2.3V ~ 3.6V","-40°C ~ 85°C","Surface Mount","16-VFQFN Exposed Pad","16-QFN (3x3)"
"http://www.ti.com/general/docs/suppproductinfo.tsp?distId=10&gotoUrl=http%3A%2F%2Fwww.ti.com%2Flit%2Fgpn%2Fds25cp104a","//media.digikey.com/Renders/National%20Semi%20Renders/Pkg%20SQA40A.jpg","DS25CP104ATSQ/NOPBTR-ND,DS25CP104ATSQ/NOPBCT-ND,DS25CP104ATSQ/NOPBDKR-ND","DS25CP104ATSQ/NOPB","Texas Instruments","Texas Instruments","IC CROSSPOINT SW 1 X 4:4 40WQFN","140","28.58","0","1","Tape & Reel (TR),Cut Tape (CT),Digi-Reel®","-","Active","Crosspoint Switch","1 x 4:4","1","-","Single Supply","3V ~ 3.6V","-40°C ~ 85°C","Surface Mount","40-WFQFN Exposed Pad","40-WQFN (6x6)"
"http://www.onsemi.com/pub/Collateral/NB7L72M-D.PDF","//media.digikey.com/renders/Rohm%20Renders/VQFN016V3030.jpg","NB7L72MMNG-ND","NB7L72MMNG","ON Semiconductor","ON Semiconductor","IC CROSSPOINT SW 1 X 2:2 16QFN","1,985","20.32","0","1","Tube","-","Active","Crosspoint Switch","1 x 2:2","1","-","Single Supply","2.3V ~ 3.6V","-40°C ~ 85°C","Surface Mount","16-VFQFN Exposed Pad","16-QFN (3x3)"
"https://ww1.microchip.com/downloads/en/DeviceDoc/sy89540u.pdf","//media.digikey.com/photos/Micrel%20Photos/576-44-MLF.jpg","576-3241-ND","SY89540UMY","Microchip Technology","Microchip Technology","IC CROSSPOINT SW 1 X 4:4 44MLF","15","20.32","0","1","Tray","Precision Edge®","Active","Crosspoint Switch","1 x 4:4","1","-","Single Supply","2.375V ~ 2.625V","-40°C ~ 85°C","Surface Mount","44-VFQFN Exposed Pad, 44-MLF®","44-MLF® (7x7)"
"http://www.microchip.com/mymicrochip/filehandler.aspx?ddocname=en582135","//media.digikey.com/photos/Micrel%20Photos/576-44-MLF.jpg","576-2537-ND","SY58040UMY","Microchip Technology","Microchip Technology","IC CROSSPOINT SW 1 X 4:4 44MLF","334","26.59","0","1","Tray","Precision Edge®","Active","Crosspoint Switch","1 x 4:4","1","-","Single Supply","2.375V ~ 2.625V, 3V ~ 3.6V","-40°C ~ 85°C","Surface Mount","44-VFQFN Exposed Pad, 44-MLF®","44-MLF® (7x7)"
"https://www.analog.com/media/en/technical-documentation/data-sheets/ADN4612.pdf","//media.digikey.com/Renders/Analog%20Devices%20Renders/505;CP-88-7;CP;88.jpg","ADN4612ACPZ-ND","ADN4612ACPZ","Analog Devices Inc.","Analog Devices Inc.","IC CROSSPOINT SW 1X12:12 88LFCSP","239","80.1","0","1","Tray","XStream™","Active","Crosspoint Switch","1 x 12:12","1","-","Single Supply","1.7V ~ 3.6V","-40°C ~ 85°C","Surface Mount","88-VFQFN Exposed Pad, CSP","88-LFCSP-VQ (12x12)"
"//media.digikey.com/pdf/Data%20Sheets/Avago%20PDFs/PEX8734_Brief.pdf","//media.digikey.com/Photos/Broadcom/MFG_PEX87xx674FCBGA_27x27.jpg","516-3571-ND","PEX8734-AB80BI G","Broadcom Limited","Broadcom Limited","IC PCIE SWITCH 676FCBGA","361","235.79","0","1","Tray","ExpressLane™","Active","PCIe Switch","-","32","-","-","-","-40°C ~ 85°C","Surface Mount","-","676-FCBGA (27x27)"
"https://assets.nexperia.com/documents/data-sheet/74LVC1G157.pdf","//media.digikey.com/Photos/Nexperia/MFG_PMN20ENAX.jpg","1727-3490-2-ND,1727-3490-1-ND,1727-3490-6-ND","74LVC1G157GV,125","Nexperia USA Inc.","Nexperia USA Inc.","IC MULTIPLEXER 1 X 2:1 6TSOP","11,630","0.48","0","1","Tape & Reel (TR),Cut Tape (CT),Digi-Reel®","74LVC","Active","Multiplexer","1 x 2:1","1","32mA, 32mA","Single Supply","1.65V ~ 5.5V","-40°C ~ 125°C","Surface Mount","SC-74, SOT-457","6-TSOP"
"http://toshiba.semicon-storage.com/info/docget.jsp?did=2603&prodName=TC7SB3157CFU","//media.digikey.com/Renders/Toshiba%20Renders/6-TSSOP,%20SC-88,%20SOT-363.jpg","TC7SB3157CFULF(CTTR-ND,TC7SB3157CFULF(CTCT-ND,TC7SB3157CFULF(CTDKR-ND","TC7SB3157CFU,LF(CT","Toshiba Semiconductor and Storage","Toshiba Semiconductor and Storage","IC MULTIPLX/DEMUX 1X2:1 US6","16,239","0.61","0","1","Tape & Reel (TR),Cut Tape (CT),Digi-Reel®","TC7SB","Active","Multiplexer/Demultiplexer","1 x 2:1","1","-","Single Supply","1.65V ~ 5.5V","-40°C ~ 85°C","Surface Mount","6-TSSOP, SC-88, SOT-363","US6"
"https://assets.nexperia.com/documents/data-sheet/74LVC1G157_Q100.pdf","//media.digikey.com/Photos/Nexperia/MFG_PMN20ENAX.jpg","1727-2068-2-ND,1727-2068-1-ND,1727-2068-6-ND","74LVC1G157GV-Q100H","Nexperia USA Inc.","Nexperia USA Inc.","IC MULTIPLEXER 1 X 2:1 6TSOP","3,565","0.58","0","1","Tape & Reel (TR),Cut Tape (CT),Digi-Reel®","74LVC","Active","Multiplexer","1 x 2:1","1","32mA, 32mA","Single Supply","1.65V ~ 5.5V","-40°C ~ 125°C","Surface Mount","SC-74, SOT-457","6-TSOP"
"https://assets.nexperia.com/documents/data-sheet/74HC_HCT138.pdf","//media.digikey.com/Photos/Nexperia/MFG_SO16_SOT109-1.jpg","1727-2781-2-ND,1727-2781-1-ND,1727-2781-6-ND","74HC138D,653","Nexperia USA Inc.","Nexperia USA Inc.","IC DECODER/DEMUX 1 X 3:8 16SO","5,480","0.59","0","1","Tape & Reel (TR),Cut Tape (CT),Digi-Reel®","74HC","Active","Decoder/Demultiplexer","1 x 3:8","1","5.2mA, 5.2mA","Single Supply","2V ~ 6V","-40°C ~ 125°C","Surface Mount","16-SOIC (0.154"", 3.90mm Width)","16-SO"
"https://assets.nexperia.com/documents/data-sheet/74HC_HCT138.pdf","//media.digikey.com/Photos/Nexperia/MFG_SO16_SOT109-1.jpg","1727-3780-ND","74HC138D,652","Nexperia USA Inc.","Nexperia USA Inc.","IC DECODER/DEMUX 1 X 3:8 16SO","2","0.67","0","1","Tube","74HC","Active","Decoder/Demultiplexer","1 x 3:8","1","5.2mA, 5.2mA","Single Supply","2V ~ 6V","-40°C ~ 125°C","Surface Mount","16-SOIC (0.154"", 3.90mm Width)","16-SO"
"https://www.onsemi.com/pdf/datasheet/nc7sz19-d.pdf","//media.digikey.com/Renders/~~Pkg.Case%20or%20Series/SOT-363%20PKG.jpg","NC7SZ19P6XTR-ND,NC7SZ19P6XCT-ND,NC7SZ19P6XDKR-ND","NC7SZ19P6X","ON Semiconductor","ON Semiconductor","IC DECODER/DEMUX 1 X 1:2 SC88","4,967","0.58","0","1","Tape & Reel (TR),Cut Tape (CT),Digi-Reel®","7SZ","Active","Decoder/Demultiplexer","1 x 1:2","1","32mA, 32mA","Single Supply","1.65V ~ 5.5V","-40°C ~ 85°C","Surface Mount","6-TSSOP, SC-88, SOT-363","SC-88 (SC-70-6)"
"https://www.onsemi.cn/pdf/datasheet/nc7sz66-d.pdf","//media.digikey.com/Renders/Fairchild%20Semi%20Renders/261;MKT-MAA05A;P5;5.jpg","NC7SZ66P5XTR-ND,NC7SZ66P5XCT-ND,NC7SZ66P5XDKR-ND","NC7SZ66P5X","ON Semiconductor","ON Semiconductor","IC BUS SWITCH 1 X 1:1 SC70-5","31,618","0.58","0","1","Tape & Reel (TR),Cut Tape (CT),Digi-Reel®","7SZ","Active","Bus Switch","1 x 1:1","1","-","Single Supply","1.65V ~ 5.5V","-40°C ~ 85°C","Surface Mount","5-TSSOP, SC-70-5, SOT-353","SC-70-5"
"https://assets.nexperia.com/documents/data-sheet/74LVC1G18.pdf","//media.digikey.com/Photos/Nexperia/MFG_SOT363.jpg","1727-6071-2-ND,1727-6071-1-ND,1727-6071-6-ND","74LVC1G18GW,125","Nexperia USA Inc.","Nexperia USA Inc.","IC DEMULTIPLEXER 1 X 1:2 6TSSOP","6,916","0.61","0","1","Tape & Reel (TR),Cut Tape (CT),Digi-Reel®","74LVC","Active","Demultiplexer","1 x 1:2","1","32mA, 32mA","Single Supply","1.65V ~ 5.5V","-40°C ~ 125°C","Surface Mount","6-TSSOP, SC-88, SOT-363","6-TSSOP"
"http://www.ti.com/general/docs/suppproductinfo.tsp?distId=10&gotoUrl=http%3A%2F%2Fwww.ti.com%2Flit%2Fgpn%2Fsn74lvc157a","//media.digikey.com/Renders/~~Pkg.Case%20or%20Series/16%20SOIC.jpg","296-14907-2-ND,296-14907-1-ND,296-14907-6-ND","SN74LVC157ADR","Texas Instruments","Texas Instruments","IC MULTIPLEXER 4 X 2:1 16SOIC","3,926","0.54","0","1","Tape & Reel (TR),Cut Tape (CT),Digi-Reel®","74LVC","Active","Multiplexer","4 x 2:1","1","24mA, 24mA","Single Supply","2V ~ 3.6V","-40°C ~ 85°C","Surface Mount","16-SOIC (0.154"", 3.90mm Width)","16-SOIC"
"https://assets.nexperia.com/documents/data-sheet/74AUP1G157.pdf","//media.digikey.com/Photos/Nexperia/MFG_SOT363.jpg","1727-4291-2-ND,1727-4291-1-ND,1727-4291-6-ND","74AUP1G157GW,125","Nexperia USA Inc.","Nexperia USA Inc.","IC MULTIPLEXER 1 X 2:1 6TSSOP","4,444","0.64","0","1","Tape & Reel (TR),Cut Tape (CT),Digi-Reel®","74AUP","Active","Multiplexer","1 x 2:1","1","4mA, 4mA","Single Supply","0.8V ~ 3.6V","-40°C ~ 125°C (TA)","Surface Mount","6-TSSOP, SC-88, SOT-363","6-TSSOP"
"https://assets.nexperia.com/documents/data-sheet/74LVC157A.pdf","//media.digikey.com/Photos/NXP%20Semi%20Photos/MFG_DHVQFN16_SOT763.jpg","1727-3485-2-ND,1727-3485-1-ND,1727-3485-6-ND","74LVC157ABQ,115","Nexperia USA Inc.","Nexperia USA Inc.","IC MULTIPLEXER 4 X 2:1 16DHVQFN","9,885","0.51","0","1","Tape & Reel (TR),Cut Tape (CT),Digi-Reel®","74LVC","Active","Multiplexer","4 x 2:1","1","24mA, 24mA","Single Supply","1.2V ~ 3.6V","-40°C ~ 125°C","Surface Mount","16-VFQFN Exposed Pad","16-DHVQFN (2.5x3.5)"
"https://assets.nexperia.com/documents/data-sheet/74LVC157A.pdf","//media.digikey.com/Photos/NXP%20Semi%20Photos/MFG_SOT403.jpg","1727-4028-2-ND,1727-4028-1-ND,1727-4028-6-ND","74LVC157APW,118","Nexperia USA Inc.","Nexperia USA Inc.","IC MULTIPLEXER 4 X 2:1 16TSSOP","5,357","0.51","0","1","Tape & Reel (TR),Cut Tape (CT),Digi-Reel®","74LVC","Active","Multiplexer","4 x 2:1","1","24mA, 24mA","Single Supply","1.2V ~ 3.6V","-40°C ~ 125°C","Surface Mount","16-TSSOP (0.173"", 4.40mm Width)","16-TSSOP"
"https://assets.nexperia.com/documents/data-sheet/74LVC157A.pdf","//media.digikey.com/Photos/NXP%20Semi%20Photos/MFG_SOT403.jpg","1727-7284-ND","74LVC157APW,112","Nexperia USA Inc.","Nexperia USA Inc.","IC MULTIPLEXER 4 X 2:1 16TSSOP","587","0.62","0","1","Tube","74LVC","Active","Multiplexer","4 x 2:1","1","24mA, 24mA","Single Supply","1.2V ~ 3.6V","-40°C ~ 125°C","Surface Mount","16-TSSOP (0.173"", 4.40mm Width)","16-TSSOP"
"https://assets.nexperia.com/documents/data-sheet/74HC_HCT138.pdf","//media.digikey.com/Photos/Nexperia/MFG_SO16_SOT109-1.jpg","1727-2835-2-ND,1727-2835-1-ND,1727-2835-6-ND","74HCT138D,653","Nexperia USA Inc.","Nexperia USA Inc.","IC DECODER/DEMUX 1 X 3:8 16SO","7,267","0.55","0","1","Tape & Reel (TR),Cut Tape (CT),Digi-Reel®","74HCT","Active","Decoder/Demultiplexer","1 x 3:8","1","4mA, 4mA","Single Supply","4.5V ~ 5.5V","-40°C ~ 125°C","Surface Mount","16-SOIC (0.154"", 3.90mm Width)","16-SO"
"http://www.ti.com/general/docs/suppproductinfo.tsp?distId=10&gotoUrl=http%3A%2F%2Fwww.ti.com%2Flit%2Fgpn%2Fsn74lvc1g19","//media.digikey.com/Renders/~~Pkg.Case%20or%20Series/SOT-23-6%20PKG.jpg","296-16982-2-ND,296-16982-1-ND,296-16982-6-ND","SN74LVC1G19DBVR","Texas Instruments","Texas Instruments","IC DECODER/DEMUX 1X1:2 SOT23-6","17,248","0.55","0","1","Tape & Reel (TR),Cut Tape (CT),Digi-Reel®","74LVC","Active","Decoder/Demultiplexer","1 x 1:2","1","32mA, 32mA","Single Supply","1.65V ~ 5.5V","-40°C ~ 85°C","Surface Mount","SOT-23-6","SOT-23-6"
"http://www.ti.com/general/docs/suppproductinfo.tsp?distId=10&gotoUrl=http%3A%2F%2Fwww.ti.com%2Flit%2Fgpn%2Fsn74lvc1g18","//media.digikey.com/Renders/~~Pkg.Case%20or%20Series/SOT-23-6%20PKG.jpg","296-15568-2-ND,296-15568-1-ND,296-15568-6-ND","SN74LVC1G18DBVR","Texas Instruments","Texas Instruments","IC DEMULTIPLEXER 1 X 1:2 SOT23-6","11,790","0.55","0","1","Tape & Reel (TR),Cut Tape (CT),Digi-Reel®","74LVC","Active","Demultiplexer","1 x 1:2","1","32mA, 32mA","Single Supply","1.65V ~ 5.5V","-40°C ~ 85°C","Surface Mount","SOT-23-6","SOT-23-6"
"https://assets.nexperia.com/documents/data-sheet/74LVC138A.pdf","//media.digikey.com/Photos/NXP%20Semi%20Photos/MFG_DHVQFN16_SOT763.jpg","1727-6950-2-ND,1727-6950-1-ND,1727-6950-6-ND","74LVC138ABQ,115","Nexperia USA Inc.","Nexperia USA Inc.","IC DECODER/DEMUX 1X3:8 16DHVQFN","7,149","0.51","0","1","Tape & Reel (TR),Cut Tape (CT),Digi-Reel®","74LVC","Active","Decoder/Demultiplexer","1 x 3:8","1","24mA, 24mA","Single Supply","1.2V ~ 3.6V","-40°C ~ 125°C","Surface Mount","16-VFQFN Exposed Pad","16-DHVQFN (2.5x3.5)"
"https://assets.nexperia.com/documents/data-sheet/74LVC138A.pdf","//media.digikey.com/Photos/NXP%20Semi%20Photos/MFG_SOT403.jpg","1727-4026-2-ND,1727-4026-1-ND,1727-4026-6-ND","74LVC138APW,118","Nexperia USA Inc.","Nexperia USA Inc.","IC DECODER/DEMUX 1X3:8 16TSSOP","3,597","0.51","0","1","Tape & Reel (TR),Cut Tape (CT),Digi-Reel®","74LVC","Active","Decoder/Demultiplexer","1 x 3:8","1","24mA, 24mA","Single Supply","1.2V ~ 3.6V","-40°C ~ 125°C","Surface Mount","16-TSSOP (0.173"", 4.40mm Width)","16-TSSOP"
"https://assets.nexperia.com/documents/data-sheet/74LVC138A.pdf","//media.digikey.com/Photos/NXP%20Semi%20Photos/MFG_SOT403.jpg","1727-6459-ND","74LVC138APW,112","Nexperia USA Inc.","Nexperia USA Inc.","IC DECODER/DEMUX 1X3:8 16TSSOP","9,433","0.69","0","1","Tube","74LVC","Active","Decoder/Demultiplexer","1 x 3:8","1","24mA, 24mA","Single Supply","1.2V ~ 3.6V","-40°C ~ 125°C","Surface Mount","16-TSSOP (0.173"", 4.40mm Width)","16-TSSOP"
"https://assets.nexperia.com/documents/data-sheet/74HC_HCT138.pdf","//media.digikey.com/Photos/NXP%20Semi%20Photos/MFG_SOT403.jpg","1727-4065-2-ND,1727-4065-1-ND,1727-4065-6-ND","74HC138PW,118","Nexperia USA Inc.","Nexperia USA Inc.","IC DECODER/DEMUX 1X3:8 16TSSOP","2,112","0.54","0","1","Tape & Reel (TR),Cut Tape (CT),Digi-Reel®","74HC","Active","Decoder/Demultiplexer","1 x 3:8","1","5.2mA, 5.2mA","Single Supply","2V ~ 6V","-40°C ~ 125°C","Surface Mount","16-TSSOP (0.173"", 4.40mm Width)","16-TSSOP"
"https://assets.nexperia.com/documents/data-sheet/74HC_HCT138.pdf","//media.digikey.com/Photos/NXP%20Semi%20Photos/MFG_SOT403.jpg","74HC138PW,112-ND","74HC138PW,112","Nexperia USA Inc.","Nexperia USA Inc.","IC DECODER/DEMUX 1X3:8 16TSSOP","0","0.16168","0","2400","Tube","74HC","Active","Decoder/Demultiplexer","1 x 3:8","1","5.2mA, 5.2mA","Single Supply","2V ~ 6V","-40°C ~ 125°C","Surface Mount","16-TSSOP (0.173"", 4.40mm Width)","16-TSSOP"
"https://www.onsemi.cn/pdf/datasheet/nc7sz66-d.pdf","//media.digikey.com/Renders/Fairchild%20Semi%20Renders/SOT-23-5.jpg","NC7SZ66M5XTR-ND,NC7SZ66M5XCT-ND,NC7SZ66M5XDKR-ND","NC7SZ66M5X","ON Semiconductor","ON Semiconductor","IC BUS SWITCH 1 X 1:1 SOT23-5","11,016","0.74","0","1","Tape & Reel (TR),Cut Tape (CT),Digi-Reel®","7SZ","Active","Bus Switch","1 x 1:1","1","-","Single Supply","1.65V ~ 5.5V","-40°C ~ 85°C","Surface Mount","SC-74A, SOT-753","SOT-23-5"
"http://www.ti.com/general/docs/suppproductinfo.tsp?distId=10&gotoUrl=http%3A%2F%2Fwww.ti.com%2Flit%2Fgpn%2Fsn74lvc138a","//media.digikey.com/Renders/~~Pkg.Case%20or%20Series/16%20SOIC.jpg","296-14906-2-ND,296-14906-1-ND,296-14906-6-ND","SN74LVC138ADR","Texas Instruments","Texas Instruments","IC DECODER/DEMUX 1X3:8 16SOIC","3,412","0.58","0","1","Tape & Reel (TR),Cut Tape (CT),Digi-Reel®","74LVC","Active","Decoder/Demultiplexer","1 x 3:8","1","24mA, 24mA","Single Supply","1.65V ~ 3.6V","-40°C ~ 85°C","Surface Mount","16-SOIC (0.154"", 3.90mm Width)","16-SOIC"
"http://www.ti.com/general/docs/suppproductinfo.tsp?distId=10&gotoUrl=http%3A%2F%2Fwww.ti.com%2Flit%2Fgpn%2Fsn74lvc138a","//media.digikey.com/Renders/Texas%20Instr%20Renders/16-TSSOP.jpg","296-1223-2-ND,296-1223-1-ND,296-1223-6-ND","SN74LVC138APWR","Texas Instruments","Texas Instruments","IC DECODER/DEMUX 1X3:8 16TSSOP","18,875","0.58","0","1","Tape & Reel (TR),Cut Tape (CT),Digi-Reel®","74LVC","Active","Decoder/Demultiplexer","1 x 3:8","1","24mA, 24mA","Single Supply","1.65V ~ 3.6V","-40°C ~ 85°C","Surface Mount","16-TSSOP (0.173"", 4.40mm Width)","16-TSSOP"
"https://www.ti.com/lit/ds/scls107f/scls107f.pdf","//media.digikey.com/Renders/Texas%20Instr%20Renders/16-TSSOP.jpg","296-8228-2-ND,296-8228-1-ND,296-8228-6-ND","SN74HC138PWR","Texas Instruments","Texas Instruments","IC DECODER/DEMUX 1X3:8 16TSSOP","9,896","0.58","0","1","Tape & Reel (TR),Cut Tape (CT),Digi-Reel®","74HC","Active","Decoder/Demultiplexer","1 x 3:8","1","5.2mA, 5.2mA","Single Supply","2V ~ 6V","-40°C ~ 85°C","Surface Mount","16-TSSOP (0.173"", 4.40mm Width)","16-TSSOP"
"https://toshiba.semicon-storage.com/info/docget.jsp?did=10764&prodName=TC7WB66CFK","//media.digikey.com/Renders/Toshiba%20Renders/8-VFSOP.jpg","TC7WB66CFKLF(CTTR-ND,TC7WB66CFKLF(CTCT-ND,TC7WB66CFKLF(CTDKR-ND","TC7WB66CFK,LF(CT","Toshiba Semiconductor and Storage","Toshiba Semiconductor and Storage","IC BUS SWITCH 2 X 1:1 US8","12,568","0.55","0","1","Tape & Reel (TR),Cut Tape (CT),Digi-Reel®","TC7WB","Active","Bus Switch","2 x 1:1","1","-","Single Supply","1.65V ~ 5.5V","-40°C ~ 85°C","Surface Mount","8-VFSOP (0.091"", 2.30mm Width)","US8"
"https://assets.nexperia.com/documents/data-sheet/74HC_HCT138.pdf","//media.digikey.com/Photos/Nexperia/MFG_SO16_SOT109-1.jpg","1727-4302-ND","74HCT138D,652","Nexperia USA Inc.","Nexperia USA Inc.","IC DECODER/DEMUX 1 X 3:8 16SO","882","0.62","0","1","Tube","74HCT","Active","Decoder/Demultiplexer","1 x 3:8","1","4mA, 4mA","Single Supply","4.5V ~ 5.5V","-40°C ~ 125°C","Surface Mount","16-SOIC (0.154"", 3.90mm Width)","16-SO"
"http://www.ti.com/general/docs/suppproductinfo.tsp?distId=10&gotoUrl=http%3A%2F%2Fwww.ti.com%2Flit%2Fgpn%2Fsn74lvc1g18","//media.digikey.com/Renders/Texas%20Instr%20Renders/296~4093553-4~DCK~6~Top.jpg","296-15569-2-ND,296-15569-1-ND,296-15569-6-ND","SN74LVC1G18DCKR","Texas Instruments","Texas Instruments","IC DEMULTIPLEXER 1 X 1:2 SC70-6","17,746","0.59","0","1","Tape & Reel (TR),Cut Tape (CT),Digi-Reel®","74LVC","Active","Demultiplexer","1 x 1:2","1","32mA, 32mA","Single Supply","1.65V ~ 5.5V","-40°C ~ 85°C","Surface Mount","6-TSSOP, SC-88, SOT-363","SC-70-6"
"https://toshiba.semicon-storage.com/info/docget.jsp?did=37241&prodName=74HC151D","//media.digikey.com/Renders/Toshiba%20Renders/264;16SOIC-3.9;;16.jpg","74HC151DTR-ND,74HC151DCT-ND,74HC151DDKR-ND","74HC151D","Toshiba Semiconductor and Storage","Toshiba Semiconductor and Storage","IC MULTIPLEXER 1 X 8:1 16SOIC","11,706","0.59","0","1","Tape & Reel (TR),Cut Tape (CT),Digi-Reel®","74HC","Active","Multiplexer","1 x 8:1","1","5.2mA, 5.2mA","Single Supply","2V ~ 6V","-40°C ~ 125°C","Surface Mount","16-SOIC (0.154"", 3.90mm Width)","16-SOIC"
"https://toshiba.semicon-storage.com/info/docget.jsp?did=37370&prodName=74HC237D","//media.digikey.com/Renders/Toshiba%20Renders/264;16SOIC-3.9;;16.jpg","74HC237DTR-ND,74HC237DCT-ND,74HC237DDKR-ND","74HC237D","Toshiba Semiconductor and Storage","Toshiba Semiconductor and Storage","IC DECODER 1 X 3:8 16SOIC","4,833","0.59","0","1","Tape & Reel (TR),Cut Tape (CT),Digi-Reel®","74HC","Active","Decoder/Demultiplexer","1 x 3:8","1","5.2mA, 5.2mA","Single Supply","2V ~ 6V","-40°C ~ 125°C","Surface Mount","16-SOIC (0.154"", 3.90mm Width)","16-SOIC"
"https://toshiba.semicon-storage.com/info/docget.jsp?did=37298&prodName=74HC238D","//media.digikey.com/Renders/Toshiba%20Renders/264;16SOIC-3.9;;16.jpg","74HC238DTR-ND,74HC238DCT-ND,74HC238DDKR-ND","74HC238D","Toshiba Semiconductor and Storage","Toshiba Semiconductor and Storage","IC DECODER 1 X 3:8 16SOIC","3,938","0.59","0","1","Tape & Reel (TR),Cut Tape (CT),Digi-Reel®","74HC","Active","Decoder/Demultiplexer","1 x 3:8","1","5.2mA, 5.2mA","Single Supply","2V ~ 6V","-40°C ~ 125°C","Surface Mount","16-SOIC (0.154"", 3.90mm Width)","16-SOIC"
"https://www.onsemi.com/pdf/datasheet/nc7sv157-d.pdf","//media.digikey.com/Renders/~~Pkg.Case%20or%20Series/SOT-363%20PKG.jpg","NC7SV157P6XTR-ND,NC7SV157P6XCT-ND,NC7SV157P6XDKR-ND","NC7SV157P6X","ON Semiconductor","ON Semiconductor","IC MULTIPLEXER 1 X 2:1 SC88","2,834","0.71","0","1","Tape & Reel (TR),Cut Tape (CT),Digi-Reel®","7SV","Active","Multiplexer","1 x 2:1","1","24mA, 24mA","Single Supply","0.9V ~ 3.6V","-40°C ~ 85°C","Surface Mount","6-TSSOP, SC-88, SOT-363","SC-88 (SC-70-6)"
"http://toshiba.semicon-storage.com/info/docget.jsp?did=20215&prodName=TC7W66FK","//media.digikey.com/Renders/Toshiba%20Renders/8-SOP.jpg","TC7W66FULFTR-ND,TC7W66FULFCT-ND,TC7W66FULFDKR-ND","TC7W66FU,LF","Toshiba Semiconductor and Storage","Toshiba Semiconductor and Storage","IC BILATERAL SWITCH 1 X 1:1 SM8","7,195","0.61","0","1","Tape & Reel (TR),Cut Tape (CT),Digi-Reel®","TC7W","Active","Bilateral, FET Switches","1 x 1:1","2","-","Single Supply","2V ~ 12V","-40°C ~ 85°C","Surface Mount","8-TSSOP, 8-MSOP (0.110"", 2.80mm Width)","SM8"
"http://www.ti.com/general/docs/suppproductinfo.tsp?distId=10&gotoUrl=http%3A%2F%2Fwww.ti.com%2Flit%2Fgpn%2Fsn74lvc157a","//media.digikey.com/Renders/Texas%20Instr%20Renders/16-TSSOP.jpg","296-1225-2-ND,296-1225-1-ND,296-1225-6-ND","SN74LVC157APWR","Texas Instruments","Texas Instruments","IC MULTIPLEXER 4 X 2:1 16TSSOP","6,378","0.62","0","1","Tape & Reel (TR),Cut Tape (CT),Digi-Reel®","74LVC","Active","Multiplexer","4 x 2:1","1","24mA, 24mA","Single Supply","2V ~ 3.6V","-40°C ~ 85°C","Surface Mount","16-TSSOP (0.173"", 4.40mm Width)","16-TSSOP"
"https://www.ti.com/lit/ds/scls266m/scls266m.pdf","//media.digikey.com/Renders/~~Pkg.Case%20or%20Series/16%20SOIC.jpg","296-14701-2-ND,296-14701-1-ND,296-14701-6-ND","SN74AHCT138DR","Texas Instruments","Texas Instruments","IC DECODER/DEMUX 1X3:8 16SOIC","5,301","0.62","0","1","Tape & Reel (TR),Cut Tape (CT),Digi-Reel®","74AHCT","Active","Decoder/Demultiplexer","1 x 3:8","1","8mA, 8mA","Single Supply","4.5V ~ 5.5V","-40°C ~ 85°C","Surface Mount","16-SOIC (0.154"", 3.90mm Width)","16-SOIC"
"http://www.ti.com/general/docs/suppproductinfo.tsp?distId=10&gotoUrl=http%3A%2F%2Fwww.ti.com%2Flit%2Fgpn%2Fsn74lv138a","//media.digikey.com/Renders/Texas%20Instr%20Renders/16-TSSOP.jpg","296-3780-2-ND,296-3780-1-ND,296-3780-6-ND","SN74LV138APWR","Texas Instruments","Texas Instruments","IC DECODER/DEMUX 1X3:8 16TSSOP","5,370","0.62","0","1","Tape & Reel (TR),Cut Tape (CT),Digi-Reel®","74LV","Active","Decoder/Demultiplexer","1 x 3:8","1","12mA, 12mA","Single Supply","2V ~ 5.5V","-40°C ~ 85°C","Surface Mount","16-TSSOP (0.173"", 4.40mm Width)","16-TSSOP"
"https://www.ti.com/lit/ds/scls396i/scls396i.pdf","//media.digikey.com/Renders/Texas%20Instr%20Renders/16-TSSOP.jpg","296-3782-2-ND,296-3782-1-ND,296-3782-6-ND","SN74LV139APWR","Texas Instruments","Texas Instruments","IC DECODER/DEMUX 1X2:4 16TSSOP","6,272","0.62","0","1","Tape & Reel (TR),Cut Tape (CT),Digi-Reel®","74LV","Active","Decoder/Demultiplexer","1 x 2:4","2","12mA, 12mA","Single Supply","2V ~ 5.5V","-40°C ~ 85°C","Surface Mount","16-TSSOP (0.173"", 4.40mm Width)","16-TSSOP"
"http://www.ti.com/general/docs/suppproductinfo.tsp?distId=10&gotoUrl=http%3A%2F%2Fwww.ti.com%2Flit%2Fgpn%2Fsn74cbt1g125","//media.digikey.com/Renders/Texas%20Instr%20Renders/296~4073253-4~DBV~5.JPG","296-1164-2-ND,296-1164-1-ND,296-1164-6-ND","SN74CBT1G125DBVR","Texas Instruments","Texas Instruments","IC BUS SWITCH 1 X 1:1 SOT23-5","5,093","0.62","0","1","Tape & Reel (TR),Cut Tape (CT),Digi-Reel®","74CBT","Active","Bus Switch","1 x 1:1","1","-","Single Supply","4.5V ~ 5.5V","-40°C ~ 85°C","Surface Mount","SC-74A, SOT-753","SOT-23-5"
"http://www.ti.com/general/docs/suppproductinfo.tsp?distId=10&gotoUrl=http%3A%2F%2Fwww.ti.com%2Flit%2Fgpn%2Fsn74ahc138","//media.digikey.com/Renders/~~Pkg.Case%20or%20Series/16%20SOIC.jpg","296-4540-2-ND,296-4540-1-ND,296-4540-6-ND","SN74AHC138DR","Texas Instruments","Texas Instruments","IC DECODER/DEMUX 1X3:8 16SOIC","4,528","0.62","0","1","Tape & Reel (TR),Cut Tape (CT),Digi-Reel®","74AHC","Active","Decoder/Demultiplexer","1 x 3:8","1","8mA, 8mA","Single Supply","2V ~ 5.5V","-40°C ~ 85°C","Surface Mount","16-SOIC (0.154"", 3.90mm Width)","16-SOIC"
"https://www.onsemi.com/pdf/datasheet/nc7sz18-d.pdf","//media.digikey.com/Renders/~~Pkg.Case%20or%20Series/SOT-363%20PKG.jpg","NC7SZ18P6XTR-ND,NC7SZ18P6XCT-ND,NC7SZ18P6XDKR-ND","NC7SZ18P6X","ON Semiconductor","ON Semiconductor","IC DEMULTIPLEXER 1 X 1:2 SC88","9,579","0.58","0","1","Tape & Reel (TR),Cut Tape (CT),Digi-Reel®","7SZ","Active","Demultiplexer","1 x 1:2","1","32mA, 32mA","Single Supply","1.65V ~ 5.5V","-40°C ~ 85°C","Surface Mount","6-TSSOP, SC-88, SOT-363","SC-88 (SC-70-6)"
"https://www.onsemi.cn/pdf/datasheet/nc7sz66-d.pdf","//media.digikey.com/Renders/Fairchild%20Semi%20Renders/261;-MKT-MAC06A;-L6;-6.jpg","NC7SZ66L6XTR-ND,NC7SZ66L6XCT-ND,NC7SZ66L6XDKR-ND","NC7SZ66L6X","ON Semiconductor","ON Semiconductor","IC BUS SWITCH 1 X 1:1 6MICROPAK","22,303","0.62","0","1","Tape & Reel (TR),Cut Tape (CT),Digi-Reel®","7SZ","Active","Bus Switch","1 x 1:1","1","-","Single Supply","1.65V ~ 5.5V","-40°C ~ 85°C","Surface Mount","6-UFDFN","6-MicroPak"
"https://www.ti.com/lit/ds/scls107f/scls107f.pdf","//media.digikey.com/Renders/~~Pkg.Case%20or%20Series/16%20SOIC.jpg","296-1193-2-ND,296-1193-1-ND,296-1193-6-ND","SN74HC138DR","Texas Instruments","Texas Instruments","IC DECODER/DEMUX 1X3:8 16SOIC","11,495","0.67","0","1","Tape & Reel (TR),Cut Tape (CT),Digi-Reel®","74HC","Active","Decoder/Demultiplexer","1 x 3:8","1","5.2mA, 5.2mA","Single Supply","2V ~ 6V","-40°C ~ 85°C","Surface Mount","16-SOIC (0.154"", 3.90mm Width)","16-SOIC"
"http://www.ti.com/general/docs/suppproductinfo.tsp?distId=10&gotoUrl=http%3A%2F%2Fwww.ti.com%2Flit%2Fgpn%2Fsn74hct138","//media.digikey.com/Renders/~~Pkg.Case%20or%20Series/16%20SOIC.jpg","296-14863-2-ND,296-14863-1-ND,296-14863-6-ND","SN74HCT138DR","Texas Instruments","Texas Instruments","IC DECODER/DEMUX 1X3:8 16SOIC","5,138","0.67","0","1","Tape & Reel (TR),Cut Tape (CT),Digi-Reel®","74HCT","Active","Decoder/Demultiplexer","1 x 3:8","1","4mA, 4mA","Single Supply","4.5V ~ 5.5V","-40°C ~ 85°C","Surface Mount","16-SOIC (0.154"", 3.90mm Width)","16-SOIC"
"http://www.ti.com/general/docs/suppproductinfo.tsp?distId=10&gotoUrl=http%3A%2F%2Fwww.ti.com%2Flit%2Fgpn%2Fsn74hct138","//media.digikey.com/Renders/Texas%20Instr%20Renders/16-TSSOP.jpg","296-8388-2-ND,296-8388-1-ND,296-8388-6-ND","SN74HCT138PWR","Texas Instruments","Texas Instruments","IC DECODER/DEMUX 1X3:8 16TSSOP","5,129","0.67","0","1","Tape & Reel (TR),Cut Tape (CT),Digi-Reel®","74HCT","Active","Decoder/Demultiplexer","1 x 3:8","1","4mA, 4mA","Single Supply","4.5V ~ 5.5V","-40°C ~ 85°C","Surface Mount","16-TSSOP (0.173"", 4.40mm Width)","16-TSSOP"
"http://www.onsemi.com/pub/Collateral/MC74HC238A-D.PDF","//media.digikey.com/Renders/On%20Semi%20Renders/488;-751B-05;-D,-VD,-FD;-16.jpg","MC74HC238ADR2GOSTR-ND,MC74HC238ADR2GOSCT-ND,MC74HC238ADR2GOSDKR-ND","MC74HC238ADR2G","ON Semiconductor","ON Semiconductor","IC DECODER/DEMUX 1X3:8 16SOIC","3,506","0.61","0","1","Tape & Reel (TR),Cut Tape (CT),Digi-Reel®","74HC","Active","Decoder/Demultiplexer","1 x 3:8","1","5.2mA, 5.2mA","Single Supply","2V ~ 6V","-55°C ~ 125°C","Surface Mount","16-SOIC (0.154"", 3.90mm Width)","16-SOIC"
"https://assets.nexperia.com/documents/data-sheet/74LVC139.pdf","//media.digikey.com/Photos/NXP%20Semi%20Photos/MFG_SOT403.jpg","1727-4027-2-ND,1727-4027-1-ND,1727-4027-6-ND","74LVC139PW,118","Nexperia USA Inc.","Nexperia USA Inc.","IC DECODER/DEMUX 1X2:4 16TSSOP","3,469","0.61","0","1","Tape & Reel (TR),Cut Tape (CT),Digi-Reel®","74LVC","Active","Decoder/Demultiplexer","1 x 2:4","2","24mA, 24mA","Single Supply","2.7V ~ 3.6V","-40°C ~ 125°C","Surface Mount","16-TSSOP (0.173"", 4.40mm Width)","16-TSSOP"
"https://assets.nexperia.com/documents/data-sheet/74LVC139.pdf","//media.digikey.com/Photos/NXP%20Semi%20Photos/MFG_SOT403.jpg","74LVC139PW,112-ND","74LVC139PW,112","Nexperia USA Inc.","Nexperia USA Inc.","IC DECODER/DEMUX 1X2:4 16TSSOP","0","0.20854","0","2400","Tube","74LVC","Active","Decoder/Demultiplexer","1 x 2:4","2","24mA, 24mA","Single Supply","2.7V ~ 3.6V","-40°C ~ 125°C","Surface Mount","16-TSSOP (0.173"", 4.40mm Width)","16-TSSOP"
"http://www.ti.com/general/docs/suppproductinfo.tsp?distId=10&gotoUrl=http%3A%2F%2Fwww.ti.com%2Flit%2Fgpn%2Fsn74hc138","//media.digikey.com/Renders/Texas%20Instr%20Renders/296~4040065~DB~16.JPG","296-8227-2-ND,296-8227-1-ND,296-8227-6-ND","SN74HC138DBR","Texas Instruments","Texas Instruments","IC DECODER/DEMUX 1X3:8 16SSOP","4,688","0.71","0","1","Tape & Reel (TR),Cut Tape (CT),Digi-Reel®","74HC","Active","Decoder/Demultiplexer","1 x 3:8","1","5.2mA, 5.2mA","Single Supply","2V ~ 6V","-40°C ~ 85°C","Surface Mount","16-SSOP (0.209"", 5.30mm Width)","16-SSOP"
"http://www.onsemi.com/pub/Collateral/MC74HC238A-D.PDF","//media.digikey.com/Renders/On%20Semi%20Renders/488;948F-01;DT,DTB,DB;16.jpg","MC74HC238ADTR2GOSTR-ND,MC74HC238ADTR2GOSCT-ND,MC74HC238ADTR2GOSDKR-ND","MC74HC238ADTR2G","ON Semiconductor","ON Semiconductor","IC DECODER/DEMUX 1X3:8 16TSSOP","6,279","0.65","0","1","Tape & Reel (TR),Cut Tape (CT),Digi-Reel®","74HC","Active","Decoder/Demultiplexer","1 x 3:8","1","5.2mA, 5.2mA","Single Supply","2V ~ 6V","-55°C ~ 125°C","Surface Mount","16-TSSOP (0.173"", 4.40mm Width)","16-TSSOP"
"http://www.ti.com/general/docs/suppproductinfo.tsp?distId=10&gotoUrl=http%3A%2F%2Fwww.ti.com%2Flit%2Fgpn%2Fsn74hc148","//media.digikey.com/Renders/~~Pkg.Case%20or%20Series/16%20SOIC.jpg","296-26468-2-ND,296-26468-1-ND,296-26468-6-ND","SN74HC148DR","Texas Instruments","Texas Instruments","IC PRIORITY ENCOD 1 X 8:3 16SOIC","8,706","0.67","0","1","Tape & Reel (TR),Cut Tape (CT),Digi-Reel®","74HC","Active","Priority Encoder","1 x 8:3","1","5.2mA, 5.2mA","Single Supply","2V ~ 6V","-40°C ~ 85°C","Surface Mount","16-SOIC (0.154"", 3.90mm Width)","16-SOIC"
"http://www.onsemi.com/pub/Collateral/MC14066B-D.PDF","//media.digikey.com/Renders/On%20Semi%20Renders/14-SOIC_751A.jpg","MC14066BDR2GOSTR-ND,MC14066BDR2GOSCT-ND,MC14066BDR2GOSDKR-ND","MC14066BDR2G","ON Semiconductor","ON Semiconductor","IC BILATERAL SW 1 X 1:1 14SOIC","10,718","0.72","0","1","Tape & Reel (TR),Cut Tape (CT),Digi-Reel®","4000B","Active","Bilateral, FET Switches","1 x 1:1","4","-","Dual Supply","3V ~ 18V","-55°C ~ 125°C","Surface Mount","14-SOIC (0.154"", 3.90mm Width)","14-SOIC"
"http://www.ti.com/general/docs/suppproductinfo.tsp?distId=10&gotoUrl=http%3A%2F%2Fwww.ti.com%2Flit%2Fgpn%2Fcd4028b","//media.digikey.com/Renders/~~Pkg.Case%20or%20Series/16%20SOIC.jpg","296-16702-2-ND,296-16702-1-ND,296-16702-6-ND","CD4028BM96","Texas Instruments","Texas Instruments","IC DECODER 1 X 4:10 16SOIC","4,801","0.77","0","1","Tape & Reel (TR),Cut Tape (CT),Digi-Reel®","4000B","Active","Decoder","1 x 4:10","1","6.8mA, 6.8mA","Single Supply","3V ~ 18V","-55°C ~ 125°C","Surface Mount","16-SOIC (0.154"", 3.90mm Width)","16-SOIC"
"http://www.onsemi.com/pub/Collateral/MC74HC151A-D.PDF","//media.digikey.com/Renders/On%20Semi%20Renders/488;948F-01;DT,DTB,DB;16.jpg","MC74HC151ADTR2GOSTR-ND,MC74HC151ADTR2GOSCT-ND,MC74HC151ADTR2GOSDKR-ND","MC74HC151ADTR2G","ON Semiconductor","ON Semiconductor","IC DATA SELECT/MUX 1X8:1 16TSSOP","5,069","0.69","0","1","Tape & Reel (TR),Cut Tape (CT),Digi-Reel®","74HC","Active","Data Selector/Multiplexer","1 x 8:1","1","5.2mA, 5.2mA","Single Supply","2V ~ 6V","-55°C ~ 125°C","Surface Mount","16-TSSOP (0.173"", 4.40mm Width)","16-TSSOP"
"https://www.ti.com/lit/ds/scls132e/scls132e.pdf","//media.digikey.com/Renders/~~Pkg.Case%20or%20Series/16%20SOIC.jpg","296-14844-2-ND,296-14844-1-ND,296-14844-6-ND","SN74HC251DR","Texas Instruments","Texas Instruments","IC MULTIPLEXER 1 X 8:1 16SOIC","25,715","0.64","0","1","Tape & Reel (TR),Cut Tape (CT),Digi-Reel®","74HC","Active","Multiplexer","1 x 8:1","1","7.8mA, 7.8mA","Single Supply","2V ~ 6V","-40°C ~ 85°C","Surface Mount","16-SOIC (0.154"", 3.90mm Width)","16-SOIC"
"https://www.ti.com/lit/ds/scls224b/scls224b.pdf","//media.digikey.com/Renders/~~Pkg.Case%20or%20Series/16%20SOIC.jpg","296-14846-2-ND,296-14846-1-ND,296-14846-6-ND","SN74HC257DR","Texas Instruments","Texas Instruments","IC MULTIPLEXER 4 X 2:1 16SOIC","3,252","0.64","0","1","Tape & Reel (TR),Cut Tape (CT),Digi-Reel®","74HC","Active","Multiplexer","4 x 2:1","1","7.8mA, 7.8mA","Single Supply","2V ~ 6V","-40°C ~ 85°C","Surface Mount","16-SOIC (0.154"", 3.90mm Width)","16-SOIC"
"http://www.ti.com/general/docs/suppproductinfo.tsp?distId=10&gotoUrl=http%3A%2F%2Fwww.ti.com%2Flit%2Fgpn%2Fsn74hc153","//media.digikey.com/Renders/Texas%20Instr%20Renders/16-TSSOP.jpg","296-12888-2-ND,296-12888-1-ND,296-12888-6-ND","SN74HC153PWR","Texas Instruments","Texas Instruments","IC MULTIPLEXER 2 X 4:1 16TSSOP","5,206","0.64","0","1","Tape & Reel (TR),Cut Tape (CT),Digi-Reel®","74HC","Active","Multiplexer","2 x 4:1","1","7.8mA, 7.8mA","Single Supply","2V ~ 6V","-40°C ~ 85°C","Surface Mount","16-TSSOP (0.173"", 4.40mm Width)","16-TSSOP"
"http://www.ti.com/general/docs/suppproductinfo.tsp?distId=10&gotoUrl=http%3A%2F%2Fwww.ti.com%2Flit%2Fgpn%2Fsn74lvc2g157","//media.digikey.com/renders/Texas%20Instr%20Renders/US8_8_VSSOP_4200503_F.jpg","296-12605-2-ND,296-12605-1-ND,296-12605-6-ND","SN74LVC2G157DCUR","Texas Instruments","Texas Instruments","IC MULTIPLEXER 1 X 2:1 8VSSOP","8,455","0.64","0","1","Tape & Reel (TR),Cut Tape (CT),Digi-Reel®","74LVC","Active","Multiplexer","1 x 2:1","1","32mA, 32mA","Single Supply","1.65V ~ 5.5V","-40°C ~ 85°C","Surface Mount","8-VFSOP (0.091"", 2.30mm Width)","8-VSSOP"
"http://www.ti.com/general/docs/suppproductinfo.tsp?distId=10&gotoUrl=http%3A%2F%2Fwww.ti.com%2Flit%2Fgpn%2Fsn74lvc138a","//media.digikey.com/Renders/Texas%20Instr%20Renders/296~4040065~DB~16.JPG","296-8460-2-ND,296-8460-1-ND,296-8460-6-ND","SN74LVC138ADBR","Texas Instruments","Texas Instruments","IC DECODER/DEMUX 1X3:8 16SSOP","8,925","0.65","0","1","Tape & Reel (TR),Cut Tape (CT),Digi-Reel®","74LVC","Active","Decoder/Demultiplexer","1 x 3:8","1","24mA, 24mA","Single Supply","1.65V ~ 3.6V","-40°C ~ 85°C","Surface Mount","16-SSOP (0.209"", 5.30mm Width)","16-SSOP"
"http://www.ti.com/general/docs/suppproductinfo.tsp?distId=10&gotoUrl=http%3A%2F%2Fwww.ti.com%2Flit%2Fgpn%2Fsn74lvc138a","//media.digikey.com/Renders/Texas%20Instr%20Renders/16-VQFN,RGY%20%28exposed%20pad%29.JPG","296-13963-2-ND,296-13963-1-ND,296-13963-6-ND","SN74LVC138ARGYR","Texas Instruments","Texas Instruments","IC DECODER/DEMUX 1X3:8 16VQFN","7,218","0.65","0","1","Tape & Reel (TR),Cut Tape (CT),Digi-Reel®","74LVC","Active","Decoder/Demultiplexer","1 x 3:8","1","24mA, 24mA","Single Supply","1.65V ~ 3.6V","-40°C ~ 85°C","Surface Mount","16-VFQFN Exposed Pad","16-VQFN (4x4)"
